sample_id,medicine,batch_id,manufacturer,measurement_id,timestamp,temperature_C,ch450,ch500,ch550,ch570,ch600,ch650
OS001,Ondansetron,B001,Zydus Cadila,1,2026-08-18T01:03:00.066794,34,32.3853035,14.679245,35.92089844,34.22209549,61.34761047,17.17093658
OS001,Ondansetron,B001,Zydus Cadila,2,2026-08-18T01:03:00.690935,34,32.3853035,14.679245,36.91870117,34.22209549,60.45851517,17.17093658
OS001,Ondansetron,B001,Zydus Cadila,3,2026-08-18T01:03:01.332967,35,33.54192352,14.679245,36.91870117,34.22209549,59.56941605,16.31238937
OS001,Ondansetron,B001,Zydus Cadila,4,2026-08-18T01:03:01.976188,34,33.54192352,14.679245,35.92089844,34.22209549,59.56941605,16.31238937
OS001,Ondansetron,B001,Zydus Cadila,5,2026-08-18T01:03:02.617695,35,33.54192352,14.679245,35.92089844,33.29717636,60.45851517,17.17093658
OS001,Ondansetron,B001,Zydus Cadila,6,2026-08-18T01:03:03.251193,34,32.3853035,14.679245,36.91870117,33.29717636,59.56941605,16.31238937
OS001,Ondansetron,B001,Zydus Cadila,7,2026-08-18T01:03:03.894883,34,32.3853035,14.679245,35.92089844,34.22209549,61.34761047,17.17093658
OS001,Ondansetron,B001,Zydus Cadila,8,2026-08-18T01:03:04.529847,34,32.3853035,14.679245,35.92089844,33.29717636,61.34761047,17.17093658
OS001,Ondansetron,B001,Zydus Cadila,9,2026-08-18T01:03:05.165590,35,32.3853035,14.679245,35.92089844,33.29717636,60.45851517,17.17093658
OS001,Ondansetron,B001,Zydus Cadila,10,2026-08-18T01:03:05.805377,35,32.3853035,14.679245,35.92089844,34.22209549,61.34761047,17.17093658
OS002,Ondansetron,B001,Zydus Cadila,11,2026-08-18T01:03:06.452676,35,33.54192352,14.679245,35.92089844,33.29717636,59.56941605,16.31238937
OS002,Ondansetron,B001,Zydus Cadila,12,2026-08-18T01:03:07.094909,35,33.54192352,14.679245,36.91870117,33.29717636,59.56941605,16.31238937
OS002,Ondansetron,B001,Zydus Cadila,13,2026-08-18T01:03:07.737942,35,32.3853035,14.679245,35.92089844,34.22209549,61.34761047,17.17093658
OS002,Ondansetron,B001,Zydus Cadila,14,2026-08-18T01:03:08.377263,35,32.3853035,14.679245,35.92089844,33.29717636,61.34761047,17.17093658
OS002,Ondansetron,B001,Zydus Cadila,15,2026-08-18T01:03:09.020726,35,32.3853035,14.679245,35.92089844,33.29717636,61.34761047,17.17093658
OS002,Ondansetron,B001,Zydus Cadila,16,2026-08-18T01:03:09.664245,35,32.3853035,14.679245,35.92089844,34.22209549,60.45851517,17.17093658
OS002,Ondansetron,B001,Zydus Cadila,17,2026-08-18T01:03:10.301531,35,33.54192352,14.679245,35.92089844,33.29717636,59.56941605,16.31238937
OS002,Ondansetron,B001,Zydus Cadila,18,2026-08-18T01:03:10.944140,35,33.54192352,14.679245,35.92089844,33.29717636,59.56941605,16.31238937
OS002,Ondansetron,B001,Zydus Cadila,19,2026-08-18T01:03:11.590393,35,32.3853035,14.679245,35.92089844,34.22209549,60.45851517,17.17093658
OS002,Ondansetron,B001,Zydus Cadila,20,2026-08-18T01:03:12.220716,35,32.3853035,14.679245,35.92089844,33.29717636,61.34761047,17.17093658
OS003,Ondansetron,B001,Zydus Cadila,21,2026-08-18T01:03:12.863454,35,32.3853035,14.679245,35.92089844,33.29717636,61.34761047,17.17093658
OS003,Ondansetron,B001,Zydus Cadila,22,2026-08-18T01:03:13.504263,35,33.54192352,14.679245,35.92089844,34.22209549,59.56941605,16.31238937
OS003,Ondansetron,B001,Zydus Cadila,23,2026-08-18T01:03:14.142220,35,33.54192352,14.679245,35.92089844,33.29717636,59.56941605,16.31238937
OS003,Ondansetron,B001,Zydus Cadila,24,2026-08-18T01:03:14.782483,35,32.3853035,14.679245,35.92089844,34.22209549,61.34761047,17.17093658
OS003,Ondansetron,B001,Zydus Cadila,25,2026-08-18T01:03:15.425704,35,32.3853035,14.679245,35.92089844,34.22209549,61.34761047,17.17093658
OS003,Ondansetron,B001,Zydus Cadila,26,2026-08-18T01:03:16.069118,35,32.3853035,14.679245,35.92089844,33.29717636,61.34761047,17.17093658
OS003,Ondansetron,B001,Zydus Cadila,27,2026-08-18T01:03:16.711387,35,32.3853035,14.679245,35.92089844,34.22209549,60.45851517,17.17093658
OS003,Ondansetron,B001,Zydus Cadila,28,2026-08-18T01:03:17.353308,35,33.54192352,14.679245,35.92089844,34.22209549,59.56941605,16.31238937
OS003,Ondansetron,B001,Zydus Cadila,29,2026-08-18T01:03:17.993962,35,33.54192352,14.679245,35.92089844,33.29717636,59.56941605,16.31238937
OS003,Ondansetron,B001,Zydus Cadila,30,2026-08-18T01:03:18.638510,35,32.3853035,14.679245,35.92089844,33.29717636,60.45851517,17.17093658
OS004,Ondansetron,B001,Zydus Cadila,31,2026-08-18T01:03:19.273439,35,32.3853035,14.679245,35.92089844,34.22209549,61.34761047,17.17093658
OS004,Ondansetron,B001,Zydus Cadila,32,2026-08-18T01:03:19.912387,35,32.3853035,14.679245,35.92089844,33.29717636,61.34761047,17.17093658
OS004,Ondansetron,B001,Zydus Cadila,33,2026-08-18T01:03:20.554263,35,32.3853035,14.679245,35.92089844,33.29717636,60.45851517,17.17093658
OS004,Ondansetron,B001,Zydus Cadila,34,2026-08-18T01:03:21.192252,35,33.54192352,14.679245,35.92089844,34.22209549,59.56941605,16.31238937
OS004,Ondansetron,B001,Zydus Cadila,35,2026-08-18T01:03:21.835760,35,33.54192352,14.679245,35.92089844,33.29717636,59.56941605,16.31238937
OS004,Ondansetron,B001,Zydus Cadila,36,2026-08-18T01:03:22.478330,35,33.54192352,14.679245,35.92089844,33.29717636,59.56941605,16.31238937
OS004,Ondansetron,B001,Zydus Cadila,37,2026-08-18T01:03:23.121218,35,32.3853035,14.679245,35.92089844,34.22209549,60.45851517,17.17093658
OS004,Ondansetron,B001,Zydus Cadila,38,2026-08-18T01:03:23.754241,35,32.3853035,14.679245,35.92089844,33.29717636,61.34761047,17.17093658
OS004,Ondansetron,B001,Zydus Cadila,39,2026-08-18T01:03:24.397851,35,32.3853035,14.679245,35.92089844,33.29717636,61.34761047,17.17093658
OS004,Ondansetron,B001,Zydus Cadila,40,2026-08-18T01:03:25.039462,35,32.3853035,14.679245,35.92089844,34.22209549,60.45851517,17.17093658
OS005,Ondansetron,B001,Zydus Cadila,41,2026-08-18T01:03:25.683518,35,33.54192352,14.679245,35.92089844,33.29717636,59.56941605,16.31238937
OS005,Ondansetron,B001,Zydus Cadila,42,2026-08-18T01:03:26.328895,35,33.54192352,14.679245,35.92089844,33.29717636,59.56941605,16.31238937
OS005,Ondansetron,B001,Zydus Cadila,43,2026-08-18T01:03:26.972018,35,33.54192352,14.679245,36.91870117,33.29717636,59.56941605,16.31238937
OS005,Ondansetron,B001,Zydus Cadila,44,2026-08-18T01:03:27.603707,35,33.54192352,14.679245,35.92089844,34.22209549,59.56941605,16.31238937
OS005,Ondansetron,B001,Zydus Cadila,45,2026-08-18T01:03:28.237025,35,32.3853035,14.679245,35.92089844,33.29717636,61.34761047,17.17093658
OS005,Ondansetron,B001,Zydus Cadila,46,2026-08-18T01:03:28.879238,35,32.3853035,14.679245,36.91870117,33.29717636,61.34761047,17.17093658
OS005,Ondansetron,B001,Zydus Cadila,47,2026-08-18T01:03:29.518759,35,32.3853035,14.679245,35.92089844,33.29717636,59.56941605,16.31238937
OS005,Ondansetron,B001,Zydus Cadila,48,2026-08-18T01:03:30.152927,35,33.54192352,14.679245,36.91870117,33.29717636,59.56941605,16.31238937
OS005,Ondansetron,B001,Zydus Cadila,49,2026-08-18T01:03:30.786842,35,33.54192352,14.679245,36.91870117,34.22209549,59.56941605,16.31238937
OS005,Ondansetron,B001,Zydus Cadila,50,2026-08-18T01:03:31.430021,35,33.54192352,14.679245,35.92089844,34.22209549,60.45851517,17.17093658
OS006,Ondansetron,B001,Zydus Cadila,51,2026-08-18T01:03:32.075130,35,32.3853035,14.679245,35.92089844,33.29717636,61.34761047,17.17093658
OS006,Ondansetron,B001,Zydus Cadila,52,2026-08-18T01:03:32.720434,35,32.3853035,14.679245,36.91870117,33.29717636,61.34761047,17.17093658
OS006,Ondansetron,B001,Zydus Cadila,53,2026-08-18T01:03:33.355194,35,32.3853035,14.679245,35.92089844,33.29717636,59.56941605,16.31238937
OS006,Ondansetron,B001,Zydus Cadila,54,2026-08-18T01:03:34.000063,35,33.54192352,14.679245,35.92089844,33.29717636,59.56941605,16.31238937
OS006,Ondansetron,B001,Zydus Cadila,55,2026-08-18T01:03:34.639534,35,32.3853035,14.679245,35.92089844,33.29717636,60.45851517,17.17093658
OS006,Ondansetron,B001,Zydus Cadila,56,2026-08-18T01:03:35.277922,35,32.3853035,14.679245,35.92089844,33.29717636,61.34761047,17.17093658
OS006,Ondansetron,B001,Zydus Cadila,57,2026-08-18T01:03:35.923158,35,32.3853035,14.679245,35.92089844,33.29717636,61.34761047,17.17093658
OS006,Ondansetron,B001,Zydus Cadila,58,2026-08-18T01:03:36.564392,35,32.3853035,14.679245,35.92089844,33.29717636,60.45851517,17.17093658
OS006,Ondansetron,B001,Zydus Cadila,59,2026-08-18T01:03:37.201966,35,33.54192352,14.679245,35.92089844,33.29717636,59.56941605,16.31238937
OS006,Ondansetron,B001,Zydus Cadila,60,2026-08-18T01:03:37.836666,35,33.54192352,14.679245,36.91870117,33.29717636,59.56941605,16.31238937
OS007,Ondansetron,B001,Zydus Cadila,61,2026-08-18T01:03:38.477238,35,33.54192352,14.679245,36.91870117,33.29717636,59.56941605,16.31238937
OS007,Ondansetron,B001,Zydus Cadila,62,2026-08-18T01:03:39.121953,35,33.54192352,14.679245,35.92089844,34.22209549,60.45851517,17.17093658
OS007,Ondansetron,B001,Zydus Cadila,63,2026-08-18T01:03:39.755006,35,32.3853035,14.679245,36.91870117,33.29717636,61.34761047,17.17093658
OS007,Ondansetron,B001,Zydus Cadila,64,2026-08-18T01:03:40.400824,35,32.3853035,14.679245,36.91870117,33.29717636,61.34761047,17.17093658
OS007,Ondansetron,B001,Zydus Cadila,65,2026-08-18T01:03:41.040456,35,32.3853035,14.679245,35.92089844,34.22209549,61.34761047,17.17093658
OS007,Ondansetron,B001,Zydus Cadila,66,2026-08-18T01:03:41.685104,35,32.3853035,14.679245,35.92089844,33.29717636,60.45851517,17.17093658
OS007,Ondansetron,B001,Zydus Cadila,67,2026-08-18T01:03:42.327585,35,32.3853035,14.679245,35.92089844,33.29717636,59.56941605,16.31238937
OS007,Ondansetron,B001,Zydus Cadila,68,2026-08-18T01:03:42.969444,35,33.54192352,14.679245,36.91870117,34.22209549,59.56941605,16.31238937
OS007,Ondansetron,B001,Zydus Cadila,69,2026-08-18T01:03:43.613308,35,32.3853035,14.679245,35.92089844,34.22209549,60.45851517,17.17093658
OS007,Ondansetron,B001,Zydus Cadila,70,2026-08-18T01:03:44.237848,35,32.3853035,14.679245,35.92089844,34.22209549,61.34761047,17.17093658
OS008,Ondansetron,B001,Zydus Cadila,71,2026-08-18T01:03:44.881415,35,32.3853035,14.679245,35.92089844,34.22209549,61.34761047,17.17093658
OS008,Ondansetron,B001,Zydus Cadila,72,2026-08-18T01:03:45.524971,35,32.3853035,14.679245,35.92089844,33.29717636,59.56941605,16.31238937
OS008,Ondansetron,B001,Zydus Cadila,73,2026-08-18T01:03:46.161675,35,33.54192352,14.679245,36.91870117,34.22209549,59.56941605,16.31238937
OS008,Ondansetron,B001,Zydus Cadila,74,2026-08-18T01:03:46.805116,35,33.54192352,14.679245,35.92089844,34.22209549,59.56941605,16.31238937
OS008,Ondansetron,B001,Zydus Cadila,75,2026-08-18T01:03:47.441695,35,32.3853035,14.679245,35.92089844,33.29717636,61.34761047,17.17093658
OS008,Ondansetron,B001,Zydus Cadila,76,2026-08-18T01:03:48.084970,35,32.3853035,14.679245,35.92089844,33.29717636,61.34761047,17.17093658
OS008,Ondansetron,B001,Zydus Cadila,77,2026-08-18T01:03:48.729135,35,32.3853035,14.679245,35.92089844,34.22209549,61.34761047,17.17093658
OS008,Ondansetron,B001,Zydus Cadila,78,2026-08-18T01:03:49.373299,35,32.3853035,14.679245,35.92089844,33.29717636,60.45851517,16.31238937
OS008,Ondansetron,B001,Zydus Cadila,79,2026-08-18T01:03:50.015287,35,33.54192352,14.679245,36.91870117,33.29717636,59.56941605,16.31238937
OS008,Ondansetron,B001,Zydus Cadila,80,2026-08-18T01:03:50.658021,35,33.54192352,14.679245,35.92089844,34.22209549,59.56941605,16.31238937
OS009,Ondansetron,B001,Zydus Cadila,81,2026-08-18T01:03:51.301938,35,33.54192352,14.679245,35.92089844,34.22209549,59.56941605,16.31238937
OS009,Ondansetron,B001,Zydus Cadila,82,2026-08-18T01:03:51.943931,35,32.3853035,14.679245,35.92089844,33.29717636,61.34761047,17.17093658
OS009,Ondansetron,B001,Zydus Cadila,83,2026-08-18T01:03:52.585039,35,32.3853035,14.679245,36.91870117,34.22209549,61.34761047,17.17093658
OS009,Ondansetron,B001,Zydus Cadila,84,2026-08-18T01:03:53.215429,35,32.3853035,14.679245,35.92089844,34.22209549,61.34761047,17.17093658
OS009,Ondansetron,B001,Zydus Cadila,85,2026-08-18T01:03:53.858887,35,32.3853035,14.679245,35.92089844,33.29717636,59.56941605,16.31238937
OS009,Ondansetron,B001,Zydus Cadila,86,2026-08-18T01:03:54.499896,35,33.54192352,14.679245,36.91870117,34.22209549,59.56941605,16.31238937
OS009,Ondansetron,B001,Zydus Cadila,87,2026-08-18T01:03:55.142006,35,33.54192352,14.679245,35.92089844,34.22209549,59.56941605,16.31238937
OS009,Ondansetron,B001,Zydus Cadila,88,2026-08-18T01:03:55.781403,35,32.3853035,14.679245,35.92089844,33.29717636,60.45851517,17.17093658
OS009,Ondansetron,B001,Zydus Cadila,89,2026-08-18T01:03:56.419938,35,32.3853035,14.679245,35.92089844,34.22209549,61.34761047,17.17093658
OS009,Ondansetron,B001,Zydus Cadila,90,2026-08-18T01:03:57.063908,35,32.3853035,14.679245,35.92089844,34.22209549,60.45851517,17.17093658
OS010,Ondansetron,B001,Zydus Cadila,91,2026-08-18T01:03:57.709426,35,33.54192352,14.679245,35.92089844,33.29717636,59.56941605,16.31238937
OS010,Ondansetron,B001,Zydus Cadila,92,2026-08-18T01:03:58.343239,35,33.54192352,14.679245,35.92089844,34.22209549,59.56941605,16.31238937
OS010,Ondansetron,B001,Zydus Cadila,93,2026-08-18T01:03:58.987153,35,33.54192352,14.679245,35.92089844,33.29717636,60.45851517,16.31238937
OS010,Ondansetron,B001,Zydus Cadila,94,2026-08-18T01:03:59.628523,35,32.3853035,14.679245,35.92089844,33.29717636,60.45851517,17.17093658
OS010,Ondansetron,B001,Zydus Cadila,95,2026-08-18T01:04:00.258798,36,32.3853035,14.679245,36.91870117,34.22209549,61.34761047,17.17093658
OS010,Ondansetron,B001,Zydus Cadila,96,2026-08-18T01:04:00.905773,35,32.3853035,14.679245,35.92089844,34.22209549,61.34761047,17.17093658
OS010,Ondansetron,B001,Zydus Cadila,97,2026-08-18T01:04:01.547272,35,33.54192352,14.679245,36.91870117,33.29717636,59.56941605,16.31238937
OS010,Ondansetron,B001,Zydus Cadila,98,2026-08-18T01:04:02.186989,35,33.54192352,14.679245,35.92089844,34.22209549,60.45851517,16.31238937
OS010,Ondansetron,B001,Zydus Cadila,99,2026-08-18T01:04:02.829079,35,32.3853035,14.679245,35.92089844,33.29717636,61.34761047,17.17093658
OS010,Ondansetron,B001,Zydus Cadila,100,2026-08-18T01:04:03.472076,35,32.3853035,14.679245,35.92089844,33.29717636,61.34761047,17.17093658
EC001,Etoricoxib,B001,Zenitiva,1,2026-08-18T01:05:52.818304,35,33.54192352,14.679245,35.92089844,34.22209549,61.34761047,17.17093658
EC001,Etoricoxib,B001,Zenitiva,2,2026-08-18T01:05:53.461293,35,32.3853035,14.679245,35.92089844,33.29717636,60.45851517,16.31238937
EC001,Etoricoxib,B001,Zenitiva,3,2026-08-18T01:05:54.105135,35,33.54192352,14.679245,36.91870117,33.29717636,59.56941605,16.31238937
EC001,Etoricoxib,B001,Zenitiva,4,2026-08-18T01:05:54.746656,35,33.54192352,14.679245,36.91870117,34.22209549,59.56941605,16.31238937
EC001,Etoricoxib,B001,Zenitiva,5,2026-08-18T01:05:55.389930,35,33.54192352,14.679245,35.92089844,34.22209549,59.56941605,16.31238937
EC001,Etoricoxib,B001,Zenitiva,6,2026-08-18T01:05:56.030655,35,32.3853035,14.679245,35.92089844,33.29717636,60.45851517,17.17093658
EC001,Etoricoxib,B001,Zenitiva,7,2026-08-18T01:05:56.666882,35,32.3853035,14.679245,35.92089844,34.22209549,61.34761047,17.17093658
EC001,Etoricoxib,B001,Zenitiva,8,2026-08-18T01:05:57.304989,35,32.3853035,14.679245,35.92089844,34.22209549,61.34761047,17.17093658
EC001,Etoricoxib,B001,Zenitiva,9,2026-08-18T01:05:57.947248,35,32.3853035,14.679245,35.92089844,34.22209549,61.34761047,17.17093658
EC001,Etoricoxib,B001,Zenitiva,10,2026-08-18T01:05:58.582874,35,32.3853035,14.679245,35.92089844,33.29717636,60.45851517,16.31238937
EC002,Etoricoxib,B001,Zenitiva,11,2026-08-18T01:06:48.991283,35,23.13236046,29.35848999,37.91650391,32.37225342,25.78377724,12.01965523
EC002,Etoricoxib,B001,Zenitiva,12,2026-08-18T01:06:49.633409,35,23.13236046,29.35848999,37.91650391,33.29717636,25.78377724,12.01965523
EC002,Etoricoxib,B001,Zenitiva,13,2026-08-18T01:06:50.277208,35,23.13236046,29.35848999,37.91650391,33.29717636,25.78377724,12.01965523
EC002,Etoricoxib,B001,Zenitiva,14,2026-08-18T01:06:50.918953,35,23.13236046,29.35848999,36.91870117,33.29717636,25.78377724,12.01965523
EC002,Etoricoxib,B001,Zenitiva,15,2026-08-18T01:06:51.561209,35,23.13236046,29.35848999,36.91870117,32.37225342,25.78377724,12.01965523
EC002,Etoricoxib,B001,Zenitiva,16,2026-08-18T01:06:52.199109,35,23.13236046,29.35848999,36.91870117,32.37225342,25.78377724,12.01965523
EC002,Etoricoxib,B001,Zenitiva,17,2026-08-18T01:06:52.841168,35,23.13236046,29.35848999,37.91650391,32.37225342,25.78377724,12.01965523
EC002,Etoricoxib,B001,Zenitiva,18,2026-08-18T01:06:53.484804,35,23.13236046,29.35848999,37.91650391,32.37225342,25.78377724,12.01965523
EC002,Etoricoxib,B001,Zenitiva,19,2026-08-18T01:06:54.128006,35,23.13236046,29.35848999,37.91650391,33.29717636,25.78377724,12.01965523
EC002,Etoricoxib,B001,Zenitiva,20,2026-08-18T01:06:54.765626,35,23.13236046,29.35848999,37.91650391,33.29717636,25.78377724,11.16110802
EC003,Etoricoxib,B001,Zenitiva,21,2026-08-18T01:06:55.410059,35,23.13236046,29.35848999,37.91650391,32.37225342,25.78377724,11.16110802
EC003,Etoricoxib,B001,Zenitiva,22,2026-08-18T01:06:56.052687,35,23.13236046,29.35848999,37.91650391,33.29717636,25.78377724,11.16110802
EC003,Etoricoxib,B001,Zenitiva,23,2026-08-18T01:06:56.695828,35,23.13236046,29.35848999,37.91650391,33.29717636,24.89468193,11.16110802
EC003,Etoricoxib,B001,Zenitiva,24,2026-08-18T01:06:57.333184,35,23.13236046,29.35848999,36.91870117,33.29717636,24.89468193,11.16110802
EC003,Etoricoxib,B001,Zenitiva,25,2026-08-18T01:06:57.971241,35,23.13236046,29.35848999,36.91870117,32.37225342,24.89468193,11.16110802
EC003,Etoricoxib,B001,Zenitiva,26,2026-08-18T01:06:58.614031,36,23.13236046,29.35848999,37.91650391,32.37225342,24.89468193,11.16110802
EC003,Etoricoxib,B001,Zenitiva,27,2026-08-18T01:06:59.251582,35,23.13236046,29.35848999,37.91650391,33.29717636,24.89468193,11.16110802
EC003,Etoricoxib,B001,Zenitiva,28,2026-08-18T01:06:59.888377,35,23.13236046,29.35848999,37.91650391,33.29717636,25.78377724,11.16110802
EC003,Etoricoxib,B001,Zenitiva,29,2026-08-18T01:07:00.531132,35,23.13236046,29.35848999,36.91870117,32.37225342,25.78377724,12.01965523
EC003,Etoricoxib,B001,Zenitiva,30,2026-08-18T01:07:01.171019,35,23.13236046,29.35848999,37.91650391,32.37225342,25.78377724,12.01965523
EC004,Etoricoxib,B001,Zenitiva,31,2026-08-18T01:07:01.807120,35,23.13236046,29.35848999,37.91650391,33.29717636,25.78377724,12.01965523
EC004,Etoricoxib,B001,Zenitiva,32,2026-08-18T01:07:02.451742,35,23.13236046,29.35848999,36.91870117,33.29717636,25.78377724,12.01965523
EC004,Etoricoxib,B001,Zenitiva,33,2026-08-18T01:07:03.087970,35,23.13236046,29.35848999,36.91870117,32.37225342,25.78377724,12.01965523
EC004,Etoricoxib,B001,Zenitiva,34,2026-08-18T01:07:03.730167,35,23.13236046,29.35848999,36.91870117,32.37225342,25.78377724,12.01965523
EC004,Etoricoxib,B001,Zenitiva,35,2026-08-18T01:07:04.366200,36,23.13236046,29.35848999,37.91650391,32.37225342,25.78377724,12.01965523
EC004,Etoricoxib,B001,Zenitiva,36,2026-08-18T01:07:05.012706,36,23.13236046,29.35848999,37.91650391,32.37225342,25.78377724,11.16110802
EC004,Etoricoxib,B001,Zenitiva,37,2026-08-18T01:07:05.654696,35,23.13236046,29.35848999,37.91650391,32.37225342,25.78377724,11.16110802
EC004,Etoricoxib,B001,Zenitiva,38,2026-08-18T01:07:06.300307,36,23.13236046,29.35848999,36.91870117,32.37225342,24.89468193,11.16110802
EC004,Etoricoxib,B001,Zenitiva,39,2026-08-18T01:07:06.942246,36,23.13236046,29.35848999,37.91650391,32.37225342,24.89468193,11.16110802
EC004,Etoricoxib,B001,Zenitiva,40,2026-08-18T01:07:07.583862,35,23.13236046,29.35848999,37.91650391,33.29717636,24.89468193,11.16110802
EC005,Etoricoxib,B001,Zenitiva,41,2026-08-18T01:07:08.223234,35,23.13236046,29.35848999,37.91650391,33.29717636,24.89468193,11.16110802
EC005,Etoricoxib,B001,Zenitiva,42,2026-08-18T01:07:08.856454,36,23.13236046,29.35848999,36.91870117,33.29717636,24.89468193,11.16110802
EC005,Etoricoxib,B001,Zenitiva,43,2026-08-18T01:07:09.497916,36,23.13236046,29.35848999,37.91650391,33.29717636,25.78377724,12.01965523
EC005,Etoricoxib,B001,Zenitiva,44,2026-08-18T01:07:10.137881,35,23.13236046,29.35848999,37.91650391,33.29717636,25.78377724,12.01965523
EC005,Etoricoxib,B001,Zenitiva,45,2026-08-18T01:07:10.779152,36,23.13236046,29.35848999,36.91870117,33.29717636,25.78377724,12.01965523
EC005,Etoricoxib,B001,Zenitiva,46,2026-08-18T01:07:11.420708,35,23.13236046,29.35848999,37.91650391,32.37225342,25.78377724,12.01965523
EC005,Etoricoxib,B001,Zenitiva,47,2026-08-18T01:07:12.061072,36,23.13236046,29.35848999,36.91870117,32.37225342,25.78377724,12.01965523
EC005,Etoricoxib,B001,Zenitiva,48,2026-08-18T01:07:12.703233,36,23.13236046,29.35848999,37.91650391,32.37225342,25.78377724,12.01965523
EC005,Etoricoxib,B001,Zenitiva,49,2026-08-18T01:07:13.345624,36,23.13236046,29.35848999,37.91650391,33.29717636,25.78377724,12.01965523
EC005,Etoricoxib,B001,Zenitiva,50,2026-08-18T01:07:13.988126,36,23.13236046,29.35848999,37.91650391,33.29717636,25.78377724,12.01965523
EC006,Etoricoxib,B001,Zenitiva,51,2026-08-18T01:07:14.633234,36,23.13236046,29.35848999,37.91650391,32.37225342,25.78377724,11.16110802
EC006,Etoricoxib,B001,Zenitiva,52,2026-08-18T01:07:15.268598,36,23.13236046,29.35848999,37.91650391,32.37225342,25.78377724,11.16110802
EC006,Etoricoxib,B001,Zenitiva,53,2026-08-18T01:07:15.908927,35,23.13236046,29.35848999,37.91650391,33.29717636,25.78377724,11.16110802
EC006,Etoricoxib,B001,Zenitiva,54,2026-08-18T01:07:16.542359,36,23.13236046,29.35848999,36.91870117,33.29717636,24.89468193,11.16110802
EC006,Etoricoxib,B001,Zenitiva,55,2026-08-18T01:07:17.180212,36,23.13236046,29.35848999,36.91870117,32.37225342,24.89468193,11.16110802
EC006,Etoricoxib,B001,Zenitiva,56,2026-08-18T01:07:17.817649,36,23.13236046,29.35848999,37.91650391,32.37225342,24.89468193,11.16110802
EC006,Etoricoxib,B001,Zenitiva,57,2026-08-18T01:07:18.460630,36,23.13236046,29.35848999,36.91870117,33.29717636,25.78377724,12.01965523
EC006,Etoricoxib,B001,Zenitiva,58,2026-08-18T01:07:19.103295,36,23.13236046,29.35848999,36.91870117,32.37225342,25.78377724,12.01965523
EC006,Etoricoxib,B001,Zenitiva,59,2026-08-18T01:07:19.743812,36,23.13236046,29.35848999,37.91650391,32.37225342,25.78377724,12.01965523
EC006,Etoricoxib,B001,Zenitiva,60,2026-08-18T01:07:20.381525,36,23.13236046,29.35848999,37.91650391,32.37225342,25.78377724,12.01965523
EC007,Etoricoxib,B001,Zenitiva,61,2026-08-18T01:07:21.020548,36,23.13236046,29.35848999,37.91650391,32.37225342,25.78377724,11.16110802
EC007,Etoricoxib,B001,Zenitiva,62,2026-08-18T01:07:21.660958,36,23.13236046,29.35848999,37.91650391,32.37225342,24.89468193,11.16110802
EC007,Etoricoxib,B001,Zenitiva,63,2026-08-18T01:07:22.301498,36,23.13236046,29.35848999,37.91650391,32.37225342,24.89468193,11.16110802
EC007,Etoricoxib,B001,Zenitiva,64,2026-08-18T01:07:22.944549,36,23.13236046,29.35848999,37.91650391,33.29717636,24.89468193,11.16110802
EC007,Etoricoxib,B001,Zenitiva,65,2026-08-18T01:07:23.586315,36,23.13236046,29.35848999,37.91650391,33.29717636,24.89468193,11.16110802
EC007,Etoricoxib,B001,Zenitiva,66,2026-08-18T01:07:24.228919,36,23.13236046,29.35848999,36.91870117,33.29717636,25.78377724,11.16110802
EC007,Etoricoxib,B001,Zenitiva,67,2026-08-18T01:07:24.868592,36,23.13236046,29.35848999,37.91650391,32.37225342,25.78377724,11.16110802
EC007,Etoricoxib,B001,Zenitiva,68,2026-08-18T01:07:25.510038,36,23.13236046,29.35848999,37.91650391,33.29717636,25.78377724,12.01965523
EC007,Etoricoxib,B001,Zenitiva,69,2026-08-18T01:07:26.152664,36,23.13236046,29.35848999,36.91870117,33.29717636,25.78377724,12.01965523
EC007,Etoricoxib,B001,Zenitiva,70,2026-08-18T01:07:26.794859,36,23.13236046,29.35848999,37.91650391,32.37225342,25.78377724,11.16110802
EC008,Etoricoxib,B001,Zenitiva,71,2026-08-18T01:07:27.438214,36,23.13236046,29.35848999,37.91650391,33.29717636,24.89468193,11.16110802
EC008,Etoricoxib,B001,Zenitiva,72,2026-08-18T01:07:28.083326,36,23.13236046,29.35848999,37.91650391,33.29717636,24.89468193,11.16110802
EC008,Etoricoxib,B001,Zenitiva,73,2026-08-18T01:07:28.727261,36,23.13236046,29.35848999,36.91870117,33.29717636,24.89468193,11.16110802
EC008,Etoricoxib,B001,Zenitiva,74,2026-08-18T01:07:29.369437,36,23.13236046,29.35848999,36.91870117,32.37225342,24.89468193,11.16110802
EC008,Etoricoxib,B001,Zenitiva,75,2026-08-18T01:07:30.011051,36,23.13236046,29.35848999,36.91870117,32.37225342,24.89468193,11.16110802
EC008,Etoricoxib,B001,Zenitiva,76,2026-08-18T01:07:30.653740,36,23.13236046,29.35848999,37.91650391,32.37225342,24.89468193,11.16110802
EC008,Etoricoxib,B001,Zenitiva,77,2026-08-18T01:07:31.291901,36,23.13236046,29.35848999,37.91650391,33.29717636,24.89468193,11.16110802
EC008,Etoricoxib,B001,Zenitiva,78,2026-08-18T01:07:31.933723,36,23.13236046,29.35848999,37.91650391,33.29717636,24.89468193,11.16110802
EC008,Etoricoxib,B001,Zenitiva,79,2026-08-18T01:07:32.582133,36,23.13236046,29.35848999,36.91870117,33.29717636,25.78377724,11.16110802
EC008,Etoricoxib,B001,Zenitiva,80,2026-08-18T01:07:33.215001,36,23.13236046,29.35848999,37.91650391,33.29717636,25.78377724,12.01965523
EC009,Etoricoxib,B001,Zenitiva,81,2026-08-18T01:07:33.849069,36,23.13236046,29.35848999,37.91650391,33.29717636,25.78377724,12.01965523
EC009,Etoricoxib,B001,Zenitiva,82,2026-08-18T01:07:34.492565,36,23.13236046,29.35848999,36.91870117,33.29717636,25.78377724,12.01965523
EC009,Etoricoxib,B001,Zenitiva,83,2026-08-18T01:07:35.131166,36,23.13236046,29.35848999,36.91870117,32.37225342,25.78377724,12.01965523
EC009,Etoricoxib,B001,Zenitiva,84,2026-08-18T01:07:35.772233,36,23.13236046,29.35848999,37.91650391,32.37225342,25.78377724,12.01965523
EC009,Etoricoxib,B001,Zenitiva,85,2026-08-18T01:07:36.401636,36,23.13236046,29.35848999,37.91650391,33.29717636,25.78377724,12.01965523
EC009,Etoricoxib,B001,Zenitiva,86,2026-08-18T01:07:37.043743,36,23.13236046,29.35848999,37.91650391,33.29717636,25.78377724,12.01965523
EC009,Etoricoxib,B001,Zenitiva,87,2026-08-18T01:07:37.690631,36,23.13236046,29.35848999,36.91870117,33.29717636,25.78377724,12.01965523
EC009,Etoricoxib,B001,Zenitiva,88,2026-08-18T01:07:38.332150,36,23.13236046,29.35848999,36.91870117,32.37225342,25.78377724,12.01965523
EC009,Etoricoxib,B001,Zenitiva,89,2026-08-18T01:07:38.968437,36,23.13236046,29.35848999,36.91870117,32.37225342,25.78377724,12.01965523
EC009,Etoricoxib,B001,Zenitiva,90,2026-08-18T01:07:39.611120,36,23.13236046,29.35848999,37.91650391,32.37225342,25.78377724,12.01965523
EC010,Etoricoxib,B001,Zenitiva,91,2026-08-18T01:07:40.242878,36,23.13236046,29.35848999,37.91650391,33.29717636,25.78377724,12.01965523
EC010,Etoricoxib,B001,Zenitiva,92,2026-08-18T01:07:40.886685,36,23.13236046,29.35848999,37.91650391,33.29717636,25.78377724,12.01965523
EC010,Etoricoxib,B001,Zenitiva,93,2026-08-18T01:07:41.526619,36,23.13236046,29.35848999,37.91650391,32.37225342,24.89468193,11.16110802
EC010,Etoricoxib,B001,Zenitiva,94,2026-08-18T01:07:42.156858,36,23.13236046,29.35848999,37.91650391,33.29717636,24.89468193,11.16110802
EC010,Etoricoxib,B001,Zenitiva,95,2026-08-18T01:07:42.797057,36,23.13236046,29.35848999,37.91650391,33.29717636,24.89468193,11.16110802
EC010,Etoricoxib,B001,Zenitiva,96,2026-08-18T01:07:43.439113,36,23.13236046,29.35848999,36.91870117,33.29717636,25.78377724,11.16110802
EC010,Etoricoxib,B001,Zenitiva,97,2026-08-18T01:07:44.079916,36,23.13236046,29.35848999,37.91650391,33.29717636,25.78377724,11.16110802
EC010,Etoricoxib,B001,Zenitiva,98,2026-08-18T01:07:44.723489,36,23.13236046,29.35848999,36.91870117,32.37225342,24.89468193,11.16110802
EC010,Etoricoxib,B001,Zenitiva,99,2026-08-18T01:07:45.369038,36,23.13236046,29.35848999,37.91650391,32.37225342,24.89468193,11.16110802
EC010,Etoricoxib,B001,Zenitiva,100,2026-08-18T01:07:46.009364,36,23.13236046,29.35848999,37.91650391,33.29717636,24.89468193,11.16110802
EC011,Etoricoxib,B001,Zenitiva,101,2026-08-18T01:07:46.654774,36,23.13236046,29.35848999,37.91650391,33.29717636,24.89468193,11.16110802
EC011,Etoricoxib,B001,Zenitiva,102,2026-08-18T01:07:47.295329,36,23.13236046,29.35848999,36.91870117,33.29717636,24.89468193,11.16110802
EC011,Etoricoxib,B001,Zenitiva,103,2026-08-18T01:07:47.936972,36,23.13236046,29.35848999,36.91870117,32.37225342,24.89468193,11.16110802
EC011,Etoricoxib,B001,Zenitiva,104,2026-08-18T01:07:48.580525,36,23.13236046,29.35848999,36.91870117,32.37225342,24.89468193,11.16110802
EC011,Etoricoxib,B001,Zenitiva,105,2026-08-18T01:07:49.215020,36,23.13236046,29.35848999,37.91650391,32.37225342,24.89468193,11.16110802
EC011,Etoricoxib,B001,Zenitiva,106,2026-08-18T01:07:49.851801,36,23.13236046,29.35848999,37.91650391,32.37225342,25.78377724,11.16110802
EC011,Etoricoxib,B001,Zenitiva,107,2026-08-18T01:07:50.495219,36,23.13236046,29.35848999,36.91870117,32.37225342,25.78377724,12.01965523
EC011,Etoricoxib,B001,Zenitiva,108,2026-08-18T01:07:51.136395,36,23.13236046,29.35848999,37.91650391,32.37225342,25.78377724,12.01965523
EC011,Etoricoxib,B001,Zenitiva,109,2026-08-18T01:07:51.776498,36,23.13236046,29.35848999,37.91650391,33.29717636,25.78377724,12.01965523
EC011,Etoricoxib,B001,Zenitiva,110,2026-08-18T01:07:52.419931,36,23.13236046,29.35848999,37.91650391,33.29717636,25.78377724,12.01965523
DN001,Dolonex,B001,Pfizer,1,2026-08-18T01:09:20.444873,36,60.14413452,39.14465332,78.82641602,76.76848602,80.90771484,29.19059181
DN001,Dolonex,B001,Pfizer,2,2026-08-18T01:09:21.084722,35,60.14413452,39.14465332,78.82641602,77.69340515,81.79681396,29.19059181
DN001,Dolonex,B001,Pfizer,3,2026-08-18T01:09:21.728270,35,60.14413452,39.14465332,79.82421875,77.69340515,81.79681396,29.19059181
DN001,Dolonex,B001,Pfizer,4,2026-08-18T01:09:22.365766,36,60.14413452,39.14465332,77.82861328,77.69340515,80.90771484,29.19059181
DN001,Dolonex,B001,Pfizer,5,2026-08-18T01:09:23.009168,36,60.14413452,39.14465332,77.82861328,75.84356689,81.79681396,29.19059181
DN001,Dolonex,B001,Pfizer,6,2026-08-18T01:09:23.649924,36,60.14413452,39.14465332,77.82861328,75.84356689,81.79681396,29.19059181
DN001,Dolonex,B001,Pfizer,7,2026-08-18T01:09:24.293094,36,60.14413452,39.14465332,78.82641602,76.76848602,80.90771484,28.3320446
DN001,Dolonex,B001,Pfizer,8,2026-08-18T01:09:24.937397,35,60.14413452,39.14465332,78.82641602,77.69340515,80.90771484,28.3320446
DN001,Dolonex,B001,Pfizer,9,2026-08-18T01:09:25.580595,36,60.14413452,39.14465332,78.82641602,76.76848602,80.90771484,28.3320446
DN001,Dolonex,B001,Pfizer,10,2026-08-18T01:09:26.212340,36,60.14413452,39.14465332,79.82421875,75.84356689,79.12952423,28.3320446
DN002,Dolonex,B001,Pfizer,11,2026-08-18T01:09:26.854215,36,60.14413452,39.14465332,79.82421875,77.69340515,80.01862335,28.3320446
DN002,Dolonex,B001,Pfizer,12,2026-08-18T01:09:27.493258,36,60.14413452,39.14465332,78.82641602,77.69340515,80.01862335,28.3320446
DN002,Dolonex,B001,Pfizer,13,2026-08-18T01:09:28.130108,36,60.14413452,39.14465332,77.82861328,77.69340515,79.12952423,28.3320446
DN002,Dolonex,B001,Pfizer,14,2026-08-18T01:09:28.770869,36,60.14413452,39.14465332,77.82861328,75.84356689,79.12952423,28.3320446
DN002,Dolonex,B001,Pfizer,15,2026-08-18T01:09:29.411307,36,60.14413452,39.14465332,77.82861328,76.76848602,80.01862335,28.3320446
DN002,Dolonex,B001,Pfizer,16,2026-08-18T01:09:30.053637,36,60.14413452,39.14465332,77.82861328,77.69340515,81.79681396,29.19059181
DN002,Dolonex,B001,Pfizer,17,2026-08-18T01:09:30.695601,36,60.14413452,39.14465332,77.82861328,76.76848602,80.90771484,29.19059181
DN002,Dolonex,B001,Pfizer,18,2026-08-18T01:09:31.335297,36,60.14413452,39.14465332,78.82641602,76.76848602,80.90771484,28.3320446
DN002,Dolonex,B001,Pfizer,19,2026-08-18T01:09:31.976878,36,60.14413452,39.14465332,77.82861328,77.69340515,80.01862335,28.3320446
DN002,Dolonex,B001,Pfizer,20,2026-08-18T01:09:32.617474,36,60.14413452,39.14465332,78.82641602,77.69340515,80.90771484,29.19059181
DN003,Dolonex,B001,Pfizer,21,2026-08-18T01:09:33.258489,36,60.14413452,39.14465332,78.82641602,77.69340515,81.79681396,29.19059181
DN003,Dolonex,B001,Pfizer,22,2026-08-18T01:09:33.891955,36,60.14413452,39.14465332,77.82861328,77.69340515,81.79681396,29.19059181
DN003,Dolonex,B001,Pfizer,23,2026-08-18T01:09:34.537131,36,60.14413452,39.14465332,78.82641602,77.69340515,79.12952423,28.3320446
DN003,Dolonex,B001,Pfizer,24,2026-08-18T01:09:35.177189,36,60.14413452,39.14465332,78.82641602,76.76848602,80.01862335,28.3320446
DN003,Dolonex,B001,Pfizer,25,2026-08-18T01:09:35.823432,36,60.14413452,39.14465332,78.82641602,76.76848602,80.90771484,29.19059181
DN003,Dolonex,B001,Pfizer,26,2026-08-18T01:09:36.467826,36,60.14413452,39.14465332,78.82641602,77.69340515,81.79681396,29.19059181
DN003,Dolonex,B001,Pfizer,27,2026-08-18T01:09:37.106008,36,60.14413452,39.14465332,78.82641602,77.69340515,81.79681396,29.19059181
DN003,Dolonex,B001,Pfizer,28,2026-08-18T01:09:37.749049,36,60.14413452,39.14465332,77.82861328,77.69340515,81.79681396,29.19059181
DN003,Dolonex,B001,Pfizer,29,2026-08-18T01:09:38.385801,36,60.14413452,39.14465332,77.82861328,76.76848602,80.90771484,29.19059181
DN003,Dolonex,B001,Pfizer,30,2026-08-18T01:09:39.027335,36,60.14413452,39.14465332,78.82641602,76.76848602,80.01862335,29.19059181
DN004,Dolonex,B001,Pfizer,31,2026-08-18T01:09:39.668178,36,60.14413452,39.14465332,77.82861328,77.69340515,80.01862335,28.3320446
DN004,Dolonex,B001,Pfizer,32,2026-08-18T01:09:40.306812,36,60.14413452,39.14465332,77.82861328,75.84356689,79.12952423,28.3320446
DN004,Dolonex,B001,Pfizer,33,2026-08-18T01:09:40.951089,36,60.14413452,39.14465332,77.82861328,76.76848602,80.01862335,28.3320446
DN004,Dolonex,B001,Pfizer,34,2026-08-18T01:09:41.593608,36,60.14413452,39.14465332,77.82861328,77.69340515,80.90771484,29.19059181
DN004,Dolonex,B001,Pfizer,35,2026-08-18T01:09:42.234817,36,60.14413452,39.14465332,77.82861328,77.69340515,81.79681396,29.19059181
DN004,Dolonex,B001,Pfizer,36,2026-08-18T01:09:42.874108,36,60.14413452,39.14465332,77.82861328,75.84356689,80.90771484,29.19059181
DN004,Dolonex,B001,Pfizer,37,2026-08-18T01:09:43.512643,36,60.14413452,39.14465332,77.82861328,77.69340515,80.01862335,28.3320446
DN004,Dolonex,B001,Pfizer,38,2026-08-18T01:09:44.154202,36,60.14413452,39.14465332,77.82861328,77.69340515,79.12952423,28.3320446
DN004,Dolonex,B001,Pfizer,39,2026-08-18T01:09:44.794014,36,60.14413452,39.14465332,77.82861328,75.84356689,79.12952423,28.3320446
DN004,Dolonex,B001,Pfizer,40,2026-08-18T01:09:45.439918,36,60.14413452,39.14465332,78.82641602,76.76848602,80.90771484,28.3320446
DN005,Dolonex,B001,Pfizer,41,2026-08-18T01:09:46.081708,36,60.14413452,39.14465332,77.82861328,77.69340515,81.79681396,29.19059181
DN005,Dolonex,B001,Pfizer,42,2026-08-18T01:09:46.725062,36,60.14413452,39.14465332,77.82861328,75.84356689,81.79681396,29.19059181
DN005,Dolonex,B001,Pfizer,43,2026-08-18T01:09:47.367228,36,60.14413452,39.14465332,77.82861328,76.76848602,80.90771484,28.3320446
DN005,Dolonex,B001,Pfizer,44,2026-08-18T01:09:48.009033,36,60.14413452,39.14465332,78.82641602,76.76848602,80.90771484,28.3320446
DN005,Dolonex,B001,Pfizer,45,2026-08-18T01:09:48.650684,36,60.14413452,39.14465332,77.82861328,77.69340515,79.12952423,28.3320446
DN005,Dolonex,B001,Pfizer,46,2026-08-18T01:09:49.290144,36,60.14413452,39.14465332,77.82861328,75.84356689,79.12952423,28.3320446
DN005,Dolonex,B001,Pfizer,47,2026-08-18T01:09:49.932337,36,60.14413452,39.14465332,78.82641602,75.84356689,79.12952423,28.3320446
DN005,Dolonex,B001,Pfizer,48,2026-08-18T01:09:50.577657,36,60.14413452,39.14465332,78.82641602,76.76848602,80.90771484,28.3320446
DN005,Dolonex,B001,Pfizer,49,2026-08-18T01:09:51.223045,36,60.14413452,39.14465332,77.82861328,75.84356689,80.90771484,28.3320446
DN005,Dolonex,B001,Pfizer,50,2026-08-18T01:09:51.860267,36,60.14413452,39.14465332,77.82861328,75.84356689,81.79681396,29.19059181
DN006,Dolonex,B001,Pfizer,51,2026-08-18T01:09:52.503068,36,60.14413452,39.14465332,78.82641602,75.84356689,81.79681396,29.19059181
DN006,Dolonex,B001,Pfizer,52,2026-08-18T01:09:53.141661,36,60.14413452,39.14465332,77.82861328,76.76848602,80.01862335,28.3320446
DN006,Dolonex,B001,Pfizer,53,2026-08-18T01:09:53.783251,36,60.14413452,39.14465332,77.82861328,75.84356689,80.01862335,28.3320446
DN006,Dolonex,B001,Pfizer,54,2026-08-18T01:09:54.423436,36,60.14413452,39.14465332,78.82641602,75.84356689,79.12952423,28.3320446
DN006,Dolonex,B001,Pfizer,55,2026-08-18T01:09:55.064034,36,60.14413452,39.14465332,78.82641602,77.69340515,80.01862335,28.3320446
DN006,Dolonex,B001,Pfizer,56,2026-08-18T01:09:55.704106,36,60.14413452,39.14465332,77.82861328,76.76848602,80.01862335,28.3320446
DN006,Dolonex,B001,Pfizer,57,2026-08-18T01:09:56.346523,36,60.14413452,39.14465332,78.82641602,75.84356689,81.79681396,29.19059181
DN006,Dolonex,B001,Pfizer,58,2026-08-18T01:09:56.987538,36,60.14413452,39.14465332,78.82641602,75.84356689,81.79681396,29.19059181
DN006,Dolonex,B001,Pfizer,59,2026-08-18T01:09:57.628687,36,60.14413452,39.14465332,78.82641602,77.69340515,81.79681396,29.19059181
DN006,Dolonex,B001,Pfizer,60,2026-08-18T01:09:58.270526,36,60.14413452,39.14465332,78.82641602,75.84356689,80.01862335,28.3320446
DN007,Dolonex,B001,Pfizer,61,2026-08-18T01:09:58.908286,36,60.14413452,39.14465332,78.82641602,75.84356689,79.12952423,28.3320446
DN007,Dolonex,B001,Pfizer,62,2026-08-18T01:09:59.552622,36,60.14413452,39.14465332,78.82641602,77.69340515,79.12952423,28.3320446
DN007,Dolonex,B001,Pfizer,63,2026-08-18T01:10:00.191647,36,60.14413452,39.14465332,78.82641602,77.69340515,80.01862335,28.3320446
DN007,Dolonex,B001,Pfizer,64,2026-08-18T01:10:00.833516,36,60.14413452,39.14465332,78.82641602,76.76848602,80.90771484,28.3320446
DN007,Dolonex,B001,Pfizer,65,2026-08-18T01:10:01.479438,36,60.14413452,39.14465332,78.82641602,77.69340515,81.79681396,29.19059181
DN007,Dolonex,B001,Pfizer,66,2026-08-18T01:10:02.127438,36,60.14413452,39.14465332,78.82641602,77.69340515,81.79681396,29.19059181
DN007,Dolonex,B001,Pfizer,67,2026-08-18T01:10:02.771938,36,60.14413452,39.14465332,78.82641602,77.69340515,81.79681396,29.19059181
DN007,Dolonex,B001,Pfizer,68,2026-08-18T01:10:03.415253,36,60.14413452,39.14465332,77.82861328,77.69340515,81.79681396,29.19059181
DN007,Dolonex,B001,Pfizer,69,2026-08-18T01:10:04.055382,36,60.14413452,39.14465332,77.82861328,75.84356689,80.90771484,28.3320446
DN007,Dolonex,B001,Pfizer,70,2026-08-18T01:10:04.696017,36,60.14413452,39.14465332,78.82641602,76.76848602,80.90771484,28.3320446
DN008,Dolonex,B001,Pfizer,71,2026-08-18T01:10:05.337610,36,60.14413452,39.14465332,77.82861328,77.69340515,79.12952423,28.3320446
DN008,Dolonex,B001,Pfizer,72,2026-08-18T01:10:05.975079,36,60.14413452,39.14465332,77.82861328,75.84356689,79.12952423,28.3320446
DN008,Dolonex,B001,Pfizer,73,2026-08-18T01:10:06.615699,36,60.14413452,39.14465332,78.82641602,75.84356689,79.12952423,28.3320446
DN008,Dolonex,B001,Pfizer,74,2026-08-18T01:10:07.253767,36,60.14413452,39.14465332,78.82641602,77.69340515,80.01862335,28.3320446
DN008,Dolonex,B001,Pfizer,75,2026-08-18T01:10:07.887394,36,60.14413452,39.14465332,77.82861328,76.76848602,80.01862335,28.3320446
DN008,Dolonex,B001,Pfizer,76,2026-08-18T01:10:08.530646,36,60.14413452,39.14465332,78.82641602,76.76848602,80.90771484,28.3320446
DN008,Dolonex,B001,Pfizer,77,2026-08-18T01:10:09.169295,36,60.14413452,39.14465332,78.82641602,77.69340515,80.90771484,29.19059181
DN008,Dolonex,B001,Pfizer,78,2026-08-18T01:10:09.812186,36,60.14413452,39.14465332,78.82641602,77.69340515,81.79681396,29.19059181
DN008,Dolonex,B001,Pfizer,79,2026-08-18T01:10:10.459393,36,60.14413452,39.14465332,78.82641602,77.69340515,80.90771484,29.19059181
DN008,Dolonex,B001,Pfizer,80,2026-08-18T01:10:11.097884,36,60.14413452,39.14465332,77.82861328,75.84356689,81.79681396,29.19059181
DN009,Dolonex,B001,Pfizer,81,2026-08-18T01:10:11.736459,36,60.14413452,39.14465332,77.82861328,75.84356689,81.79681396,29.19059181
DN009,Dolonex,B001,Pfizer,82,2026-08-18T01:10:12.376233,36,60.14413452,39.14465332,77.82861328,77.69340515,80.01862335,28.3320446
DN009,Dolonex,B001,Pfizer,83,2026-08-18T01:10:13.017211,36,60.14413452,39.14465332,77.82861328,77.69340515,79.12952423,28.3320446
DN009,Dolonex,B001,Pfizer,84,2026-08-18T01:10:13.658377,36,60.14413452,39.14465332,77.82861328,76.76848602,80.01862335,28.3320446
DN009,Dolonex,B001,Pfizer,85,2026-08-18T01:10:14.295071,36,60.14413452,39.14465332,77.82861328,77.69340515,80.90771484,29.19059181
DN009,Dolonex,B001,Pfizer,86,2026-08-18T01:10:14.932465,36,60.14413452,39.14465332,77.82861328,75.84356689,81.79681396,29.19059181
DN009,Dolonex,B001,Pfizer,87,2026-08-18T01:10:15.573301,36,60.14413452,39.14465332,77.82861328,76.76848602,80.90771484,29.19059181
DN009,Dolonex,B001,Pfizer,88,2026-08-18T01:10:16.212573,36,60.14413452,39.14465332,77.82861328,76.76848602,80.01862335,28.3320446
DN009,Dolonex,B001,Pfizer,89,2026-08-18T01:10:16.855371,36,60.14413452,39.14465332,77.82861328,77.69340515,79.12952423,28.3320446
DN009,Dolonex,B001,Pfizer,90,2026-08-18T01:10:17.502650,36,60.14413452,39.14465332,77.82861328,75.84356689,79.12952423,28.3320446
DN010,Dolonex,B001,Pfizer,91,2026-08-18T01:10:18.145031,36,60.14413452,39.14465332,77.82861328,75.84356689,80.01862335,28.3320446
DN010,Dolonex,B001,Pfizer,92,2026-08-18T01:10:18.786627,36,60.14413452,39.14465332,78.82641602,75.84356689,79.12952423,28.3320446
DN010,Dolonex,B001,Pfizer,93,2026-08-18T01:10:19.430637,36,60.14413452,39.14465332,78.82641602,77.69340515,80.01862335,28.3320446
DN010,Dolonex,B001,Pfizer,94,2026-08-18T01:10:20.068189,36,60.14413452,39.14465332,78.82641602,77.69340515,80.01862335,28.3320446
DN010,Dolonex,B001,Pfizer,95,2026-08-18T01:10:20.707904,36,60.14413452,39.14465332,78.82641602,76.76848602,80.90771484,28.3320446
DN010,Dolonex,B001,Pfizer,96,2026-08-18T01:10:21.349416,36,60.14413452,39.14465332,78.82641602,77.69340515,81.79681396,29.19059181
DN010,Dolonex,B001,Pfizer,97,2026-08-18T01:10:21.996690,36,60.14413452,39.14465332,78.82641602,77.69340515,80.90771484,29.19059181
DN010,Dolonex,B001,Pfizer,98,2026-08-18T01:10:22.634295,36,60.14413452,39.14465332,78.82641602,76.76848602,80.90771484,28.3320446
DN010,Dolonex,B001,Pfizer,99,2026-08-18T01:10:23.277997,36,60.14413452,39.14465332,78.82641602,77.69340515,80.01862335,28.3320446
DN010,Dolonex,B001,Pfizer,100,2026-08-18T01:10:23.917922,36,60.14413452,39.14465332,78.82641602,77.69340515,80.01862335,28.3320446
PCM001,Paracetamol,B001,Micro Labs,1,2026-08-18T01:11:26.654628,36,64.77060699,55.04716873,130.7121582,116.5401077,80.90771484,22.32221603
PCM001,Paracetamol,B001,Micro Labs,2,2026-08-18T01:11:27.291267,36,64.77060699,55.04716873,128.7165527,116.5401077,80.90771484,22.32221603
PCM001,Paracetamol,B001,Micro Labs,3,2026-08-18T01:11:27.929905,36,64.77060699,55.04716873,128.7165527,114.6902695,80.90771484,22.32221603
PCM001,Paracetamol,B001,Micro Labs,4,2026-08-18T01:11:28.573007,36,64.77060699,56.27043915,129.7143555,115.6151886,80.01862335,22.32221603
PCM001,Paracetamol,B001,Micro Labs,5,2026-08-18T01:11:29.202430,36,64.77060699,56.27043915,129.7143555,116.5401077,80.90771484,22.32221603
PCM001,Paracetamol,B001,Micro Labs,6,2026-08-18T01:11:29.849498,36,64.77060699,56.27043915,129.7143555,115.6151886,80.01862335,22.32221603
PCM001,Paracetamol,B001,Micro Labs,7,2026-08-18T01:11:30.492790,36,64.77060699,56.27043915,130.7121582,114.6902695,79.12952423,22.32221603
PCM001,Paracetamol,B001,Micro Labs,8,2026-08-18T01:11:31.134491,36,64.77060699,56.27043915,130.7121582,114.6902695,79.12952423,22.32221603
PCM001,Paracetamol,B001,Micro Labs,9,2026-08-18T01:11:31.781838,36,64.77060699,56.27043915,130.7121582,116.5401077,79.12952423,22.32221603
PCM001,Paracetamol,B001,Micro Labs,10,2026-08-18T01:11:32.427532,36,64.77060699,56.27043915,130.7121582,116.5401077,79.12952423,22.32221603
PCM002,Paracetamol,B001,Micro Labs,11,2026-08-18T01:11:33.072868,36,64.77060699,56.27043915,128.7165527,116.5401077,79.12952423,22.32221603
PCM002,Paracetamol,B001,Micro Labs,12,2026-08-18T01:11:33.710825,36,64.77060699,56.27043915,129.7143555,115.6151886,80.01862335,22.32221603
PCM002,Paracetamol,B001,Micro Labs,13,2026-08-18T01:11:34.357104,36,64.77060699,55.04716873,130.7121582,116.5401077,80.90771484,22.32221603
PCM002,Paracetamol,B001,Micro Labs,14,2026-08-18T01:11:35.000758,36,64.77060699,55.04716873,130.7121582,116.5401077,80.90771484,22.32221603
PCM002,Paracetamol,B001,Micro Labs,15,2026-08-18T01:11:35.639929,36,64.77060699,55.04716873,128.7165527,116.5401077,80.90771484,22.32221603
PCM002,Paracetamol,B001,Micro Labs,16,2026-08-18T01:11:36.272454,36,64.77060699,56.27043915,129.7143555,116.5401077,79.12952423,22.32221603
PCM002,Paracetamol,B001,Micro Labs,17,2026-08-18T01:11:36.913980,36,64.77060699,56.27043915,128.7165527,116.5401077,79.12952423,22.32221603
PCM002,Paracetamol,B001,Micro Labs,18,2026-08-18T01:11:37.558848,36,64.77060699,56.27043915,128.7165527,116.5401077,79.12952423,22.32221603
PCM002,Paracetamol,B001,Micro Labs,19,2026-08-18T01:11:38.201212,36,64.77060699,56.27043915,128.7165527,114.6902695,79.12952423,22.32221603
PCM002,Paracetamol,B001,Micro Labs,20,2026-08-18T01:11:38.838942,36,64.77060699,56.27043915,130.7121582,114.6902695,79.12952423,22.32221603
PCM003,Paracetamol,B001,Micro Labs,21,2026-08-18T01:11:39.480295,36,64.77060699,56.27043915,130.7121582,114.6902695,79.12952423,22.32221603
PCM003,Paracetamol,B001,Micro Labs,22,2026-08-18T01:11:40.122687,36,64.77060699,56.27043915,129.7143555,116.5401077,80.01862335,22.32221603
PCM003,Paracetamol,B001,Micro Labs,23,2026-08-18T01:11:40.767036,36,64.77060699,56.27043915,129.7143555,115.6151886,80.01862335,22.32221603
PCM003,Paracetamol,B001,Micro Labs,24,2026-08-18T01:11:41.407127,36,64.77060699,56.27043915,129.7143555,114.6902695,80.90771484,22.32221603
PCM003,Paracetamol,B001,Micro Labs,25,2026-08-18T01:11:42.044678,36,64.77060699,55.04716873,129.7143555,115.6151886,80.90771484,22.32221603
PCM003,Paracetamol,B001,Micro Labs,26,2026-08-18T01:11:42.684043,36,64.77060699,55.04716873,128.7165527,116.5401077,80.90771484,22.32221603
PCM003,Paracetamol,B001,Micro Labs,27,2026-08-18T01:11:43.328559,36,64.77060699,56.27043915,129.7143555,114.6902695,80.01862335,22.32221603
PCM003,Paracetamol,B001,Micro Labs,28,2026-08-18T01:11:43.975099,36,64.77060699,55.04716873,128.7165527,114.6902695,80.90771484,22.32221603
PCM003,Paracetamol,B001,Micro Labs,29,2026-08-18T01:11:44.617024,36,64.77060699,55.04716873,128.7165527,114.6902695,80.90771484,22.32221603
PCM003,Paracetamol,B001,Micro Labs,30,2026-08-18T01:11:45.256479,36,64.77060699,55.04716873,130.7121582,114.6902695,80.90771484,22.32221603
PCM004,Paracetamol,B001,Micro Labs,31,2026-08-18T01:11:45.894725,36,64.77060699,55.04716873,130.7121582,116.5401077,80.90771484,22.32221603
PCM004,Paracetamol,B001,Micro Labs,32,2026-08-18T01:11:46.536430,36,64.77060699,56.27043915,129.7143555,116.5401077,80.90771484,22.32221603
PCM004,Paracetamol,B001,Micro Labs,33,2026-08-18T01:11:47.169715,36,64.77060699,56.27043915,129.7143555,114.6902695,80.01862335,22.32221603
PCM004,Paracetamol,B001,Micro Labs,34,2026-08-18T01:11:47.817935,36,64.77060699,56.27043915,130.7121582,116.5401077,79.12952423,22.32221603
PCM004,Paracetamol,B001,Micro Labs,35,2026-08-18T01:11:48.461677,36,64.77060699,56.27043915,130.7121582,116.5401077,79.12952423,22.32221603
PCM004,Paracetamol,B001,Micro Labs,36,2026-08-18T01:11:49.104889,36,64.77060699,56.27043915,128.7165527,116.5401077,80.01862335,22.32221603
PCM004,Paracetamol,B001,Micro Labs,37,2026-08-18T01:11:49.750514,36,64.77060699,56.27043915,129.7143555,115.6151886,80.01862335,22.32221603
PCM004,Paracetamol,B001,Micro Labs,38,2026-08-18T01:11:50.389707,36,64.77060699,56.27043915,128.7165527,114.6902695,79.12952423,22.32221603
PCM004,Paracetamol,B001,Micro Labs,39,2026-08-18T01:11:51.035935,36,64.77060699,56.27043915,128.7165527,114.6902695,79.12952423,22.32221603
PCM004,Paracetamol,B001,Micro Labs,40,2026-08-18T01:11:51.681978,36,65.92722321,56.27043915,130.7121582,114.6902695,79.12952423,22.32221603
PCM005,Paracetamol,B001,Micro Labs,41,2026-08-18T01:11:52.325863,36,64.77060699,56.27043915,130.7121582,116.5401077,79.12952423,22.32221603
PCM005,Paracetamol,B001,Micro Labs,42,2026-08-18T01:11:52.969477,36,64.77060699,56.27043915,129.7143555,116.5401077,80.01862335,22.32221603
PCM005,Paracetamol,B001,Micro Labs,43,2026-08-18T01:11:53.612251,36,64.77060699,56.27043915,129.7143555,114.6902695,80.90771484,22.32221603
PCM005,Paracetamol,B001,Micro Labs,44,2026-08-18T01:11:54.246840,36,64.77060699,55.04716873,130.7121582,116.5401077,80.90771484,22.32221603
PCM005,Paracetamol,B001,Micro Labs,45,2026-08-18T01:11:54.891177,36,64.77060699,56.27043915,129.7143555,115.6151886,80.01862335,22.32221603
PCM005,Paracetamol,B001,Micro Labs,46,2026-08-18T01:11:55.530692,37,64.77060699,55.04716873,128.7165527,116.5401077,80.90771484,22.32221603
PCM005,Paracetamol,B001,Micro Labs,47,2026-08-18T01:11:56.164694,36,64.77060699,56.27043915,129.7143555,115.6151886,80.01862335,22.32221603
PCM005,Paracetamol,B001,Micro Labs,48,2026-08-18T01:11:56.799813,36,64.77060699,56.27043915,130.7121582,116.5401077,79.12952423,22.32221603
PCM005,Paracetamol,B001,Micro Labs,49,2026-08-18T01:11:57.443859,36,64.77060699,56.27043915,128.7165527,116.5401077,80.01862335,22.32221603
PCM005,Paracetamol,B001,Micro Labs,50,2026-08-18T01:11:58.083228,36,65.92722321,56.27043915,128.7165527,114.6902695,79.12952423,22.32221603
PCM006,Paracetamol,B001,Micro Labs,51,2026-08-18T01:11:58.729291,37,64.77060699,56.27043915,128.7165527,114.6902695,79.12952423,22.32221603
PCM006,Paracetamol,B001,Micro Labs,52,2026-08-18T01:11:59.367684,36,64.77060699,56.27043915,129.7143555,114.6902695,79.12952423,22.32221603
PCM006,Paracetamol,B001,Micro Labs,53,2026-08-18T01:12:00.010844,36,64.77060699,56.27043915,129.7143555,115.6151886,80.01862335,22.32221603
PCM006,Paracetamol,B001,Micro Labs,54,2026-08-18T01:12:00.651824,36,64.77060699,55.04716873,128.7165527,114.6902695,80.90771484,22.32221603
PCM006,Paracetamol,B001,Micro Labs,55,2026-08-18T01:12:01.292358,36,64.77060699,55.04716873,130.7121582,114.6902695,80.90771484,22.32221603
PCM006,Paracetamol,B001,Micro Labs,56,2026-08-18T01:12:01.927310,36,64.77060699,56.27043915,129.7143555,115.6151886,80.90771484,22.32221603
PCM006,Paracetamol,B001,Micro Labs,57,2026-08-18T01:12:02.565382,36,64.77060699,55.04716873,130.7121582,116.5401077,80.90771484,22.32221603
PCM006,Paracetamol,B001,Micro Labs,58,2026-08-18T01:12:03.206331,36,64.77060699,56.27043915,129.7143555,115.6151886,80.01862335,22.32221603
PCM006,Paracetamol,B001,Micro Labs,59,2026-08-18T01:12:03.851092,36,64.77060699,56.27043915,130.7121582,116.5401077,79.12952423,22.32221603
PCM006,Paracetamol,B001,Micro Labs,60,2026-08-18T01:12:04.491853,37,65.92722321,56.27043915,130.7121582,116.5401077,79.12952423,22.32221603
PCM007,Paracetamol,B001,Micro Labs,61,2026-08-18T01:12:05.131845,36,65.92722321,56.27043915,128.7165527,116.5401077,79.12952423,22.32221603
PCM007,Paracetamol,B001,Micro Labs,62,2026-08-18T01:12:05.774885,37,65.92722321,56.27043915,128.7165527,114.6902695,79.12952423,22.32221603
PCM007,Paracetamol,B001,Micro Labs,63,2026-08-18T01:12:06.418948,36,64.77060699,56.27043915,128.7165527,114.6902695,80.01862335,22.32221603
PCM007,Paracetamol,B001,Micro Labs,64,2026-08-18T01:12:07.061764,37,64.77060699,56.27043915,129.7143555,115.6151886,80.01862335,22.32221603
PCM007,Paracetamol,B001,Micro Labs,65,2026-08-18T01:12:07.705034,36,64.77060699,55.04716873,128.7165527,114.6902695,80.90771484,22.32221603
PCM007,Paracetamol,B001,Micro Labs,66,2026-08-18T01:12:08.340576,36,64.77060699,55.04716873,128.7165527,114.6902695,80.90771484,22.32221603
PCM007,Paracetamol,B001,Micro Labs,67,2026-08-18T01:12:08.979942,36,64.77060699,55.04716873,130.7121582,114.6902695,80.90771484,22.32221603
PCM007,Paracetamol,B001,Micro Labs,68,2026-08-18T01:12:09.622763,36,64.77060699,55.04716873,130.7121582,116.5401077,80.90771484,22.32221603
PCM007,Paracetamol,B001,Micro Labs,69,2026-08-18T01:12:10.258850,36,64.77060699,56.27043915,129.7143555,115.6151886,80.01862335,22.32221603
PCM007,Paracetamol,B001,Micro Labs,70,2026-08-18T01:12:10.892812,36,64.77060699,56.27043915,130.7121582,114.6902695,79.12952423,22.32221603
PCM008,Paracetamol,B001,Micro Labs,71,2026-08-18T01:12:11.537729,37,64.77060699,56.27043915,130.7121582,116.5401077,80.01862335,22.32221603
PCM008,Paracetamol,B001,Micro Labs,72,2026-08-18T01:12:12.172914,36,64.77060699,55.04716873,128.7165527,114.6902695,80.90771484,22.32221603
PCM008,Paracetamol,B001,Micro Labs,73,2026-08-18T01:12:12.818025,36,64.77060699,55.04716873,129.7143555,114.6902695,80.90771484,22.32221603
PCM008,Paracetamol,B001,Micro Labs,74,2026-08-18T01:12:13.460628,36,64.77060699,56.27043915,129.7143555,115.6151886,80.01862335,22.32221603
PCM008,Paracetamol,B001,Micro Labs,75,2026-08-18T01:12:14.099004,36,64.77060699,55.04716873,130.7121582,116.5401077,80.90771484,22.32221603
PCM008,Paracetamol,B001,Micro Labs,76,2026-08-18T01:12:14.739245,36,64.77060699,55.04716873,128.7165527,116.5401077,80.90771484,22.32221603
PCM008,Paracetamol,B001,Micro Labs,77,2026-08-18T01:12:15.381043,37,64.77060699,55.04716873,128.7165527,114.6902695,80.90771484,22.32221603
PCM008,Paracetamol,B001,Micro Labs,78,2026-08-18T01:12:16.022876,36,64.77060699,56.27043915,129.7143555,115.6151886,80.01862335,22.32221603
PCM008,Paracetamol,B001,Micro Labs,79,2026-08-18T01:12:16.663356,36,65.92722321,56.27043915,128.7165527,116.5401077,79.12952423,22.32221603
PCM008,Paracetamol,B001,Micro Labs,80,2026-08-18T01:12:17.302832,36,65.92722321,56.27043915,128.7165527,114.6902695,79.12952423,22.32221603
PCM009,Paracetamol,B001,Micro Labs,81,2026-08-18T01:12:17.942708,36,64.77060699,56.27043915,128.7165527,114.6902695,79.12952423,22.32221603
PCM009,Paracetamol,B001,Micro Labs,82,2026-08-18T01:12:18.583536,36,65.92722321,56.27043915,130.7121582,114.6902695,79.12952423,22.32221603
PCM009,Paracetamol,B001,Micro Labs,83,2026-08-18T01:12:19.222837,36,64.77060699,56.27043915,129.7143555,115.6151886,80.90771484,22.32221603
PCM009,Paracetamol,B001,Micro Labs,84,2026-08-18T01:12:19.859294,36,64.77060699,56.27043915,128.7165527,114.6902695,80.01862335,22.32221603
PCM009,Paracetamol,B001,Micro Labs,85,2026-08-18T01:12:20.504840,36,64.77060699,55.04716873,130.7121582,114.6902695,80.90771484,22.32221603
PCM009,Paracetamol,B001,Micro Labs,86,2026-08-18T01:12:21.145578,36,64.77060699,55.04716873,130.7121582,116.5401077,80.90771484,22.32221603
PCM009,Paracetamol,B001,Micro Labs,87,2026-08-18T01:12:21.786219,36,64.77060699,56.27043915,128.7165527,114.6902695,80.01862335,22.32221603
PCM009,Paracetamol,B001,Micro Labs,88,2026-08-18T01:12:22.433041,37,64.77060699,56.27043915,128.7165527,114.6902695,80.01862335,22.32221603
PCM009,Paracetamol,B001,Micro Labs,89,2026-08-18T01:12:23.073166,36,65.92722321,56.27043915,130.7121582,114.6902695,79.12952423,22.32221603
PCM009,Paracetamol,B001,Micro Labs,90,2026-08-18T01:12:23.711712,37,65.92722321,56.27043915,130.7121582,116.5401077,79.12952423,22.32221603
PCM010,Paracetamol,B001,Micro Labs,91,2026-08-18T01:12:24.353475,36,64.77060699,56.27043915,130.7121582,116.5401077,79.12952423,22.32221603
PCM010,Paracetamol,B001,Micro Labs,92,2026-08-18T01:12:24.994609,37,64.77060699,56.27043915,128.7165527,114.6902695,80.01862335,22.32221603
PCM010,Paracetamol,B001,Micro Labs,93,2026-08-18T01:12:25.629367,36,64.77060699,56.27043915,128.7165527,114.6902695,80.01862335,22.32221603
PCM010,Paracetamol,B001,Micro Labs,94,2026-08-18T01:12:26.271447,37,64.77060699,55.04716873,128.7165527,116.5401077,80.90771484,22.32221603
PCM010,Paracetamol,B001,Micro Labs,95,2026-08-18T01:12:26.910074,37,64.77060699,55.04716873,128.7165527,116.5401077,80.90771484,22.32221603
PCM010,Paracetamol,B001,Micro Labs,96,2026-08-18T01:12:27.557035,36,64.77060699,55.04716873,128.7165527,114.6902695,80.90771484,22.32221603
PCM010,Paracetamol,B001,Micro Labs,97,2026-08-18T01:12:28.196905,37,64.77060699,55.04716873,128.7165527,114.6902695,80.90771484,22.32221603
PCM010,Paracetamol,B001,Micro Labs,98,2026-08-18T01:12:28.840451,36,64.77060699,55.04716873,129.7143555,114.6902695,80.90771484,22.32221603
PCM010,Paracetamol,B001,Micro Labs,99,2026-08-18T01:12:29.482901,36,64.77060699,56.27043915,128.7165527,114.6902695,80.01862335,22.32221603
PCM010,Paracetamol,B001,Micro Labs,100,2026-08-18T01:12:30.124851,37,65.92722321,56.27043915,128.7165527,114.6902695,79.12952423,22.32221603
LC001,Levocetrizine,B001,Cipla,1,2026-08-18T01:13:07.359838,36,42.79486465,33.02830124,63.859375,58.27005386,55.12393951,16.31238937
LC001,Levocetrizine,B001,Cipla,2,2026-08-18T01:13:08.004285,36,43.95148468,34.25157166,62.86157227,59.19497681,54.23484421,16.31238937
LC001,Levocetrizine,B001,Cipla,3,2026-08-18T01:13:08.648089,36,43.95148468,34.25157166,62.86157227,57.34513474,54.23484421,16.31238937
LC001,Levocetrizine,B001,Cipla,4,2026-08-18T01:13:09.288378,36,43.95148468,33.02830124,63.859375,58.27005386,55.12393951,16.31238937
LC001,Levocetrizine,B001,Cipla,5,2026-08-18T01:13:09.920622,36,42.79486465,33.02830124,62.86157227,57.34513474,56.01303482,16.31238937
LC001,Levocetrizine,B001,Cipla,6,2026-08-18T01:13:10.563926,36,42.79486465,33.02830124,62.86157227,57.34513474,56.01303482,16.31238937
LC001,Levocetrizine,B001,Cipla,7,2026-08-18T01:13:11.199358,36,42.79486465,33.02830124,64.85717773,57.34513474,56.01303482,16.31238937
LC001,Levocetrizine,B001,Cipla,8,2026-08-18T01:13:11.840712,36,42.79486465,33.02830124,63.859375,59.19497681,56.01303482,16.31238937
LC001,Levocetrizine,B001,Cipla,9,2026-08-18T01:13:12.483580,36,42.79486465,33.02830124,63.859375,58.27005386,55.12393951,16.31238937
LC001,Levocetrizine,B001,Cipla,10,2026-08-18T01:13:13.125716,36,43.95148468,34.25157166,64.85717773,57.34513474,54.23484421,16.31238937
LC002,Levocetrizine,B001,Cipla,11,2026-08-18T01:13:13.769219,37,43.95148468,33.02830124,63.859375,57.34513474,54.23484421,16.31238937
LC002,Levocetrizine,B001,Cipla,12,2026-08-18T01:13:14.411562,36,43.95148468,34.25157166,64.85717773,59.19497681,54.23484421,16.31238937
LC002,Levocetrizine,B001,Cipla,13,2026-08-18T01:13:15.056615,36,43.95148468,34.25157166,64.85717773,59.19497681,54.23484421,16.31238937
LC002,Levocetrizine,B001,Cipla,14,2026-08-18T01:13:15.698068,36,43.95148468,33.02830124,63.859375,59.19497681,55.12393951,16.31238937
LC002,Levocetrizine,B001,Cipla,15,2026-08-18T01:13:16.333298,36,42.79486465,33.02830124,63.859375,59.19497681,56.01303482,16.31238937
LC002,Levocetrizine,B001,Cipla,16,2026-08-18T01:13:16.975470,36,42.79486465,33.02830124,64.85717773,59.19497681,56.01303482,16.31238937
LC002,Levocetrizine,B001,Cipla,17,2026-08-18T01:13:17.618114,36,42.79486465,33.02830124,62.86157227,59.19497681,56.01303482,16.31238937
LC002,Levocetrizine,B001,Cipla,18,2026-08-18T01:13:18.252727,36,42.79486465,33.02830124,63.859375,58.27005386,55.12393951,16.31238937
LC002,Levocetrizine,B001,Cipla,19,2026-08-18T01:13:18.894095,36,43.95148468,33.02830124,64.85717773,59.19497681,55.12393951,16.31238937
LC002,Levocetrizine,B001,Cipla,20,2026-08-18T01:13:19.540565,36,43.95148468,33.02830124,63.859375,59.19497681,55.12393951,16.31238937
LC003,Levocetrizine,B001,Cipla,21,2026-08-18T01:13:20.179658,36,43.95148468,34.25157166,62.86157227,58.27005386,54.23484421,16.31238937
LC003,Levocetrizine,B001,Cipla,22,2026-08-18T01:13:20.819965,36,43.95148468,34.25157166,62.86157227,57.34513474,54.23484421,16.31238937
LC003,Levocetrizine,B001,Cipla,23,2026-08-18T01:13:21.463949,36,43.95148468,34.25157166,64.85717773,57.34513474,54.23484421,16.31238937
LC003,Levocetrizine,B001,Cipla,24,2026-08-18T01:13:22.097459,36,43.95148468,34.25157166,64.85717773,59.19497681,54.23484421,16.31238937
LC003,Levocetrizine,B001,Cipla,25,2026-08-18T01:13:22.742474,36,43.95148468,33.02830124,63.859375,59.19497681,55.12393951,16.31238937
LC003,Levocetrizine,B001,Cipla,26,2026-08-18T01:13:23.385346,37,42.79486465,33.02830124,63.859375,58.27005386,56.01303482,16.31238937
LC003,Levocetrizine,B001,Cipla,27,2026-08-18T01:13:24.027076,36,42.79486465,33.02830124,64.85717773,59.19497681,56.01303482,16.31238937
LC003,Levocetrizine,B001,Cipla,28,2026-08-18T01:13:24.671915,36,42.79486465,33.02830124,64.85717773,59.19497681,56.01303482,16.31238937
LC003,Levocetrizine,B001,Cipla,29,2026-08-18T01:13:25.312518,36,42.79486465,33.02830124,62.86157227,59.19497681,56.01303482,16.31238937
LC003,Levocetrizine,B001,Cipla,30,2026-08-18T01:13:25.945333,36,42.79486465,33.02830124,63.859375,58.27005386,56.01303482,16.31238937
LC004,Levocetrizine,B001,Cipla,31,2026-08-18T01:13:26.587615,36,42.79486465,33.02830124,63.859375,58.27005386,56.01303482,16.31238937
LC004,Levocetrizine,B001,Cipla,32,2026-08-18T01:13:27.223050,37,43.95148468,33.02830124,63.859375,58.27005386,55.12393951,16.31238937
LC004,Levocetrizine,B001,Cipla,33,2026-08-18T01:13:27.862988,36,43.95148468,33.02830124,63.859375,58.27005386,55.12393951,16.31238937
LC004,Levocetrizine,B001,Cipla,34,2026-08-18T01:13:28.504476,36,43.95148468,34.25157166,62.86157227,57.34513474,54.23484421,16.31238937
LC004,Levocetrizine,B001,Cipla,35,2026-08-18T01:13:29.139729,36,43.95148468,33.02830124,63.859375,58.27005386,54.23484421,16.31238937
LC004,Levocetrizine,B001,Cipla,36,2026-08-18T01:13:29.778756,36,43.95148468,34.25157166,64.85717773,59.19497681,54.23484421,16.31238937
LC004,Levocetrizine,B001,Cipla,37,2026-08-18T01:13:30.422352,37,43.95148468,33.02830124,63.859375,59.19497681,55.12393951,16.31238937
LC004,Levocetrizine,B001,Cipla,38,2026-08-18T01:13:31.064653,36,42.79486465,33.02830124,63.859375,58.27005386,56.01303482,16.31238937
LC004,Levocetrizine,B001,Cipla,39,2026-08-18T01:13:31.705429,36,42.79486465,33.02830124,64.85717773,59.19497681,56.01303482,16.31238937
LC004,Levocetrizine,B001,Cipla,40,2026-08-18T01:13:32.347449,36,42.79486465,33.02830124,64.85717773,59.19497681,56.01303482,16.31238937
LC005,Levocetrizine,B001,Cipla,41,2026-08-18T01:13:32.988994,36,42.79486465,33.02830124,63.859375,59.19497681,56.01303482,16.31238937
LC005,Levocetrizine,B001,Cipla,42,2026-08-18T01:13:33.627329,36,43.95148468,33.02830124,63.859375,59.19497681,55.12393951,16.31238937
LC005,Levocetrizine,B001,Cipla,43,2026-08-18T01:13:34.258103,36,43.95148468,34.25157166,62.86157227,59.19497681,54.23484421,16.31238937
LC005,Levocetrizine,B001,Cipla,44,2026-08-18T01:13:34.898310,37,43.95148468,34.25157166,62.86157227,59.19497681,54.23484421,16.31238937
LC005,Levocetrizine,B001,Cipla,45,2026-08-18T01:13:35.540302,36,43.95148468,34.25157166,63.859375,58.27005386,55.12393951,16.31238937
LC005,Levocetrizine,B001,Cipla,46,2026-08-18T01:13:36.177295,37,42.79486465,33.02830124,62.86157227,59.19497681,56.01303482,16.31238937
LC005,Levocetrizine,B001,Cipla,47,2026-08-18T01:13:36.819673,36,42.79486465,33.02830124,62.86157227,59.19497681,56.01303482,16.31238937
LC005,Levocetrizine,B001,Cipla,48,2026-08-18T01:13:37.463135,36,42.79486465,33.02830124,62.86157227,57.34513474,56.01303482,16.31238937
LC005,Levocetrizine,B001,Cipla,49,2026-08-18T01:13:38.108470,37,42.79486465,33.02830124,62.86157227,57.34513474,56.01303482,16.31238937
