sample_id,medicine,batch_id,manufacturer,measurement_id,ch450,ch500,ch550,ch570,ch600,ch650
C002,cocaine,B002,ASD_pipeline_test,1,0.2893171904761905,0.2669619,0.2546314333333334,0.2518499285714285,0.2489780666666666,0.2463200380952381
C004,cocaine,B004,ASD_pipeline_test,1,0.189473019047619,0.1790894666666667,0.173908280952381,0.1727720333333333,0.1714969142857142,0.1705059523809523
C005,cocaine,B005,ASD_pipeline_test,1,0.2187994238095238,0.2043462952380952,0.1962605285714285,0.1942976095238095,0.1920662523809523,0.1900928333333333
C007,cocaine,B007,ASD_pipeline_test,1,0.2641792142857143,0.2474295380952381,0.2378695428571429,0.2356010190476191,0.2330256857142857,0.2302060999999999
C008,cocaine,B008,ASD_pipeline_test,1,0.2640567666666666,0.2470573047619047,0.2378491095238095,0.2358012238095238,0.2336568476190475,0.2319323666666667
C010,cocaine,B010,ASD_pipeline_test,1,0.1902961523809523,0.1852963380952381,0.1830601428571428,0.1826755142857143,0.1822376047619047,0.182131819047619
C011,cocaine,B011,ASD_pipeline_test,1,0.2600533666666667,0.2387428857142856,0.2263873809523809,0.2233275714285714,0.2200027952380952,0.2169940619047619
C012,cocaine,B012,ASD_pipeline_test,1,0.2785460571428571,0.2550707285714285,0.241162419047619,0.2377380809523809,0.2340855095238095,0.2306702666666666
C013,cocaine,B013,ASD_pipeline_test,1,0.2071106809523809,0.1849066952380952,0.1728386428571428,0.169990519047619,0.1670862380952381,0.1648479619047619
C014,cocaine,B014,ASD_pipeline_test,1,0.3056537238095239,0.2954174380952381,0.2905875285714286,0.2897594619047619,0.288781238095238,0.2877019428571429
C015,cocaine,B015,ASD_pipeline_test,1,0.2452689809523809,0.2334552952380952,0.227912438095238,0.2268473619047618,0.2257236857142857,0.2251859809523809
C016,cocaine,B016,ASD_pipeline_test,1,0.2559056857142857,0.2424821857142857,0.2357366619047619,0.2342852142857143,0.2326387714285714,0.2309699428571429
C017,cocaine,B017,ASD_pipeline_test,1,0.2695253333333333,0.2537793857142857,0.2460980571428571,0.2445494571428571,0.2429271809523809,0.2417137047619047
C019,cocaine,B019,ASD_pipeline_test,1,0.2442236904761905,0.2247886,0.2145199904761904,0.212189,0.2097867571428571,0.2078392428571428
C021,cocaine,B021,ASD_pipeline_test,1,0.2809754333333333,0.2584067666666667,0.2456476285714285,0.2427169523809523,0.239579238095238,0.236508138095238
C022,cocaine,B022,ASD_pipeline_test,1,0.2953055238095238,0.2733537714285714,0.2612359285714286,0.2585546666666666,0.2557749047619047,0.2531594523809523
C023,cocaine,B023,ASD_pipeline_test,1,0.2649379238095238,0.2435418142857142,0.2315994428571429,0.2288809809523809,0.2260672619047618,0.2237043476190476
C024,cocaine,B024,ASD_pipeline_test,1,0.2904573095238096,0.2669313857142857,0.2531252428571428,0.2498803714285715,0.2464577666666667,0.2429783523809523
C026,cocaine,B026,ASD_pipeline_test,1,0.3057018047619048,0.2954243952380952,0.2911055428571428,0.2898510761904762,0.2879433095238096,0.2860925476190476
C027,cocaine,B027,ASD_pipeline_test,1,0.2576360285714285,0.2445289333333333,0.2387747904761904,0.2371142428571428,0.2348391761904762,0.2326849666666666
C030,cocaine,B030,ASD_pipeline_test,1,0.1962116047619047,0.1897488809523809,0.186207819047619,0.1854610714285714,0.1846743523809524,0.1843417809523809
C031,cocaine,B031,ASD_pipeline_test,1,0.2592404238095239,0.2394011523809523,0.2295717047619047,0.2271808857142857,0.2243773523809523,0.2217362380952381
C032,cocaine,B032,ASD_pipeline_test,1,0.2551815857142857,0.2348519619047619,0.2241846285714286,0.2215512857142857,0.2185182238095238,0.2157291333333332
C033,cocaine,B033,ASD_pipeline_test,1,0.2552915190476191,0.2337048380952381,0.2215190047619047,0.2184710761904761,0.2150779857142857,0.2120234190476189
C035,cocaine,B035,ASD_pipeline_test,1,0.2610999523809524,0.2392533428571428,0.2267568142857143,0.2236967095238095,0.2204622619047619,0.217530319047619
C037,cocaine,B037,ASD_pipeline_test,1,0.3049694,0.2746637809523808,0.2569573571428571,0.2526113285714286,0.2471849761904761,0.2428301285714285
C038,cocaine,B038,ASD_pipeline_test,1,0.268932,0.238747319047619,0.2214808952380952,0.2171447761904761,0.2117670333333333,0.2075458619047619
C039,cocaine,B039,ASD_pipeline_test,1,0.306704638095238,0.2743737619047618,0.2555319666666666,0.250743619047619,0.2448432,0.2398299047619047
C040,cocaine,B040,ASD_pipeline_test,1,0.2107252999999999,0.2037324809523809,0.1999639619047619,0.1992078952380952,0.1984470666666666,0.1981448238095238
C041,cocaine,B041,ASD_pipeline_test,1,0.3160879523809524,0.2856597857142857,0.2681716904761904,0.2636869238095238,0.2581788714285714,0.2533428142857142
C042,cocaine,B042,ASD_pipeline_test,1,0.2868320761904762,0.255725719047619,0.2391042619047619,0.2350119952380952,0.2302793666666666,0.2267013619047618
C043,cocaine,B043,ASD_pipeline_test,1,0.2184788904761904,0.1890205714285714,0.1733141619047619,0.1693724857142857,0.1647770857142857,0.1615021095238095
C045,cocaine,B045,ASD_pipeline_test,1,0.2260015666666666,0.1996148,0.1857177428571428,0.1822157523809523,0.1783933904761904,0.1756828619047618
C047,cocaine,B047,ASD_pipeline_test,1,0.2935697523809524,0.2777917333333333,0.2687401285714286,0.2665116619047619,0.2638720238095238,0.2611880666666666
C049,cocaine,B049,ASD_pipeline_test,1,0.3019132904761904,0.2832940761904762,0.2729517952380952,0.2705100142857142,0.2677442619047619,0.2647871380952381
C050,cocaine,B050,ASD_pipeline_test,1,0.2105525285714286,0.2010748142857142,0.1960159809523809,0.1949368095238095,0.1939018238095237,0.1933836952380952
C051,cocaine,B051,ASD_pipeline_test,1,0.3246034952380953,0.3044344761904762,0.2932514095238095,0.2907172857142856,0.2880395,0.2852704952380953
C054,cocaine,B054,ASD_pipeline_test,1,0.2205020714285714,0.1995387142857143,0.1874832857142856,0.1845372428571428,0.181462619047619,0.178947119047619
C056,cocaine,B056,ASD_pipeline_test,1,0.2467100095238095,0.2258357380952381,0.2132615904761904,0.2100116714285714,0.2065399571428571,0.2031941904761905
C057,cocaine,B057,ASD_pipeline_test,1,0.2922281142857142,0.271783480952381,0.2592781714285714,0.2560548666666667,0.2525933761904761,0.2491385238095238
C058,cocaine,B058,ASD_pipeline_test,1,0.2643337571428571,0.2580484238095238,0.2548962333333333,0.2542393666666667,0.2534933857142857,0.2528674904761905
C060,cocaine,B060,ASD_pipeline_test,1,0.2087224619047619,0.1961671952380952,0.1893587380952381,0.1878175666666666,0.1862973333333333,0.1853918
C063,cocaine,B063,ASD_pipeline_test,1,0.3188097571428572,0.3010168714285714,0.2914371952380952,0.2893423476190476,0.2872000761904761,0.2850381428571428
C065,cocaine,B065,ASD_pipeline_test,1,0.2795759761904762,0.2601727333333333,0.2491268761904762,0.2464660333333332,0.2436968857142857,0.2409817666666666
C067,cocaine,B067,ASD_pipeline_test,1,0.3120735476190476,0.2907571571428571,0.277849319047619,0.2747259428571428,0.2714316142857143,0.2679348238095238
C068,cocaine,B068,ASD_pipeline_test,1,0.2457612380952381,0.2264189428571428,0.2148954142857142,0.2120503047619047,0.2090915190476191,0.206410119047619
C069,cocaine,B069,ASD_pipeline_test,1,0.2735147523809524,0.2657708952380952,0.2624074571428571,0.2618680285714286,0.2613041761904762,0.2607231761904762
C071,cocaine,B071,ASD_pipeline_test,1,0.3331669142857143,0.3189190380952381,0.3124365809523809,0.3113196714285714,0.3103213999999999,0.309053538095238
C072,cocaine,B072,ASD_pipeline_test,1,0.3017203476190476,0.2856035952380952,0.2783404190476191,0.2770477809523809,0.2758646761904762,0.2744578333333334
C073,cocaine,B073,ASD_pipeline_test,1,0.2413250047619047,0.2224406761904762,0.2134460523809524,0.2115455142857142,0.2096563857142857,0.2078114523809523
C077,cocaine,B077,ASD_pipeline_test,1,0.2574216809523809,0.2359887047619047,0.2237451666666666,0.2208521666666666,0.2179411047619047,0.2151941619047619
C079,cocaine,B079,ASD_pipeline_test,1,0.3116114714285715,0.2920108952380952,0.2819677714285714,0.2798470857142857,0.2776677428571429,0.2753528904761905
C080,cocaine,B080,ASD_pipeline_test,1,0.2932305571428572,0.2753494523809524,0.2647707857142857,0.2622669238095237,0.2595178857142857,0.2567826047619047
M002,MDMA,B082,ASD_pipeline_test,1,0.5897856333333332,0.5688701904761905,0.5572380761904763,0.5541892095238096,0.5465252666666666,0.5368617238095238
M003,MDMA,B083,ASD_pipeline_test,1,0.4870793619047619,0.4327078904761905,0.3958358904761905,0.3824145714285714,0.3651357333333333,0.3496442380952381
C002,2C-B,B085,ASD_pipeline_test,1,0.981623957142857,0.914639157142857,0.8228692142857141,0.7866909523809523,0.7474966476190477,0.7177288047619049
C002,2C-B isomer,B088,ASD_pipeline_test,1,0.8669104714285712,0.949924342857143,0.9691659904761905,0.8612900904761903,0.5790057999999999,0.4818523999999999
F001,FA,B089,ASD_pipeline_test,1,0.6802457000000001,0.879695861904762,0.9992697190476192,0.8275315904761904,0.3327042190476191,0.3122837238095238
M004,MDMA,B091,ASD_pipeline_test,1,0.6598189666666668,0.8777108571428571,0.978663142857143,0.9309023476190476,0.7292108857142857,0.6559771285714285
C004,2C-B,B092,ASD_pipeline_test,1,0.9421970380952382,0.8190694523809524,0.7453336333333332,0.7761448428571429,0.8538583285714286,0.9106907857142856
C005,2C-B,B093,ASD_pipeline_test,1,0.9502066619047618,0.8126366428571428,0.7326586333333334,0.7651053952380954,0.8495664857142857,0.9106913
C007,2C-B,B096,ASD_pipeline_test,1,0.9956189047619048,0.6570025523809523,0.6383297095238095,0.7081882380952381,0.8123159952380952,0.8756069000000001
F001,FMA,B097,ASD_pipeline_test,1,0.5087544142857143,0.4949052333333333,0.4879262,0.4862059142857142,0.4833828619047619,0.4784469285714285
C008,2C-B,B098,ASD_pipeline_test,1,0.4994232523809525,0.5737479095238094,0.6060164047619047,0.5272355952380953,0.3503307761904761,0.371197780952381
M005,MDMA,B100,ASD_pipeline_test,1,0.8559974571428571,0.8269402047619048,0.787426180952381,0.7502725238095237,0.7015025190476191,0.6811634333333333
C010,2C-B,B101,ASD_pipeline_test,1,1.1544074285714283,0.7193658238095239,0.4170407523809524,0.4588448476190477,0.484241980952381,0.4955053523809524
C011,2C-B,B102,ASD_pipeline_test,1,0.8666013428571427,0.7343802333333331,0.6578145714285714,0.6886679714285714,0.7692147761904762,0.827499719047619
C004,2C-B isomer,B103,ASD_pipeline_test,1,0.7987084238095238,0.8750666,0.8905265380952382,0.7881500571428571,0.5340583047619047,0.4479232095238095
F003,FA,B104,ASD_pipeline_test,1,0.9095343333333332,0.8862564523809524,0.993039980952381,0.8183241333333333,0.3554594619047619,0.3562235904761904
F004,FA,B105,ASD_pipeline_test,1,0.6643146190476189,0.8626561095238094,0.985964980952381,0.827069438095238,0.3307387476190476,0.3050654285714285
F003,FMA,B107,ASD_pipeline_test,1,0.4671698809523809,0.4619577761904762,0.5645315714285715,0.4723917285714286,0.1014483228571428,0.0644927809523809
F005,FA,B108,ASD_pipeline_test,1,0.537357638095238,0.5140145714285715,0.4895796666666667,0.459901819047619,0.3956012571428571,0.3567173904761905
M006,MDMA,B109,ASD_pipeline_test,1,0.4998715476190477,0.7736075238095237,0.8394427523809523,0.6935686095238095,0.2535937714285715,0.2299380571428571
F004,FMA,B110,ASD_pipeline_test,1,0.5795934095238097,0.6114526761904762,0.8118899571428573,0.896857742857143,0.952899038095238,0.944500038095238
M007,MDMA,B111,ASD_pipeline_test,1,0.6492998714285715,0.5990993285714286,0.6289331238095237,0.4267612999999999,0.1681255380952381,0.2449320952380952
M010,MDMA,B114,ASD_pipeline_test,1,0.5024708476190477,0.6908620142857143,0.8054302619047617,0.7896652619047618,0.6885206,0.752264719047619
M012,MDMA,B116,ASD_pipeline_test,1,0.6496252238095237,0.7859907666666667,0.8503643095238095,0.8014415238095238,0.6764124285714285,0.6340203
M013,MDMA,B117,ASD_pipeline_test,1,0.6063743619047619,0.6066448666666666,0.6109112904761904,0.6050130809523809,0.5910937190476189,0.5882774999999999
M016,MDMA,B120,ASD_pipeline_test,1,0.6689050380952382,0.9136634238095238,1.035883238095238,0.8918363428571429,0.3420325571428571,0.235839219047619
M017,MDMA,B121,ASD_pipeline_test,1,0.530172061904762,0.2429802523809524,0.2320251238095237,0.2766183571428571,0.3528243285714286,0.3982089761904762
M018,MDMA,B122,ASD_pipeline_test,1,0.6944944952380953,0.6566299380952382,0.7916922904761905,0.8943065,1.0231678857142856,1.093532761904762
M019,MDMA,B123,ASD_pipeline_test,1,0.5775482904761906,0.4306134761904762,0.5812058809523809,0.6705740476190476,0.7358959380952382,0.7560940142857143
M021,MDMA,B125,ASD_pipeline_test,1,0.5461777619047621,0.8276703809523811,0.9237263666666669,0.8249937714285713,0.3559793952380952,0.2376441047619047
M022,MDMA,B126,ASD_pipeline_test,1,0.7903422761904763,0.7878884333333335,0.7892514904761905,0.789598438095238,0.7889594190476191,0.7902629476190475
M024,MDMA,B128,ASD_pipeline_test,1,0.8900077428571427,0.8921638142857142,0.8922373238095238,0.8913740238095238,0.8875831666666666,0.8827050761904761
M025,MDMA,B129,ASD_pipeline_test,1,0.4451864476190477,0.6411588,0.7047260999999999,0.6391937571428571,0.2869197857142856,0.1996424952380952
M027,MDMA,B131,ASD_pipeline_test,1,0.8335784095238095,0.440089219047619,0.4697686714285714,0.525250419047619,0.6023300095238097,0.662561838095238
M029,MDMA,B133,ASD_pipeline_test,1,0.8576651952380953,0.702078561904762,0.7539439904761905,0.6235586619047618,0.2104054857142857,0.2172175047619048
M030,MDMA,B134,ASD_pipeline_test,1,0.5507386428571428,0.7827068142857142,0.8598701952380953,0.7750354095238094,0.358585,0.2530375761904762
M032,MDMA,B136,ASD_pipeline_test,1,0.6991493666666667,0.6282333904761904,0.5363086142857141,0.5119551,0.4891315666666668,0.4666306523809523
M033,MDMA,B137,ASD_pipeline_test,1,0.7434128761904762,0.2764412476190475,0.3139453476190476,0.3755917761904762,0.466596719047619,0.5403104666666666
M034,MDMA,B138,ASD_pipeline_test,1,0.5185082571428572,0.5539230523809524,0.7639597095238095,0.8484440333333335,0.9009355047619048,0.9184235285714286
M035,MDMA,B139,ASD_pipeline_test,1,0.6491784714285714,0.5480142952380953,0.568073519047619,0.4942285952380952,0.2693486857142857,0.3135080714285714
M036,MDMA,B140,ASD_pipeline_test,1,0.616200480952381,0.5633413523809524,0.4931584047619047,0.4553194,0.4061562428571428,0.3680732238095238
M037,MDMA,B141,ASD_pipeline_test,1,0.7047300857142856,0.6444356952380953,0.6690008476190477,0.4616357857142857,0.2041640714285714,0.2834948523809523
M038,MDMA,B142,ASD_pipeline_test,1,0.5732561904761906,0.3413657,0.5267478476190476,0.6161094,0.6757171238095239,0.6937236
M041,MDMA,B145,ASD_pipeline_test,1,0.4139189761904762,0.3683847285714285,0.3412076333333332,0.3323621761904761,0.3187838142857142,0.295208938095238
C082,cocaine,B147,ASD_pipeline_test,1,0.2390085238095238,0.2185639619047619,0.2070771095238095,0.2040664809523809,0.2008169809523809,0.1973962238095237
